Application ID,Applicant Name,Email,Intended Major,High School State,Application Fee,Submission Date
1352,wanda DOE,wdoe@gmail.com,Math,NV,$297.91,pending
1689,PETER JONES,pjones@edu.org,Journalism,,"$1,939.68",08/14/2023
1485,wanda MAXIMOFF,wmaximoff@yahoo.com,Math,,$277.90,2023/06/06
1388,PETER Parker,pparker@yahoo.com,Agriculture,AZ,$370.25,2023-02-24
1031,bruce rogers,brogers@stark.com,Physics,NV,$53.93,"Oct 16, 2023"
1442,Diana STONE,dstone@outlook.com,,NV,"$1,220.80",07/26/2023
1198,CHARLIE Jane,cjane@stark.com,Biology,WA,$403.84,03-17-2023
1425,peter Rogers,progers@stark.com,Physics,WA,$185.89,"Aug 26, 2023"
1107,John JANE,jjane@gmail.com,Art,KS,"$1,106.45",09/16/2023
1714,WANDA WAYNE,wwayne@gmail.com,Biology,,"$1,953.69",02/21/2023
1552,peter JORDAN,pjordan@skynet.com,History,OR,"$1,851.00","Oct 07, 2023"
1675,Mary CURRY,mcurry@gmail.com,Journalism,NV,$126.93,04/18/2023
1158,ALICE ALLEN,aallen@dailybugle.com,Art,NV,"$1,970.98",2023-02-18
1475,HAL connor,hconnor@skynet.com,,FL," $1,262.67 ",pending
1423,CHARLIE PARKER,cparker@stark.com,,,"$1,903.80",2023-07-24
1210,Bruce Allen,ballen@skynet.com,Computer Science,AZ,"$1,160.63",08-30-2023
,Clark jones,cjones@edu.org,Agriculture,,"$1,637.85",05-29-2023
1483,ARTHUR Parker,aparker@dailybugle.com,Physics,NV,"$1,824.77",2023-06-03
1884,diana Allen,dallen@skynet.com,Math,CA," $1,867.95 ",unknown
1650,ARTHUR KENT,akent@dailybugle.com,Business,CA,"$1,614.79",2023-12-14
1244,wanda Jones,wjones@outlook.com,,NY,$570.27,04/10/2023
1847,peter Jordan,pjordan@skynet.com,,TX,"$1,479.42",06/21/2023
1982,CLARK Prince,cprince@outlook.com,Math,CA,"$1,390.56",2023/07/02
1828,PETER Kent,pkent@yahoo.com,Journalism,AZ,$965.11,2023/05/20
,barry BROWN,bbrown@stark.com,Physics,NJ,$940.37,08-16-2023
1059,Victor CONNOR,vconnor@stark.com,Agriculture,NJ,"$1,493.12",02/28/2023
1290,Clark Smith,csmith@stark.com,,CA,$721.85,08-01-2023
1070,Arthur JANE,ajane@outlook.com,Journalism,,"$1,014.83",2023-09-04
1344,WANDA WAYNE,wwayne@dailybugle.com,Physics,CA," $1,345.60 ",01/07/2023
1184,STEVE ALLEN,sallen@yahoo.com,,CA," $1,791.53 ",01-30-2023
1141,HAL jones,hjones@outlook.com,Physics,KS,$721.40,06/07/2023
1390,WANDA PRINCE,wprince@outlook.com,Business,NY," $1,789.51 ",12/14/2023
1491,DIANA JORDAN,djordan@yahoo.com,Art,OR,$769.33,"Dec 24, 2023"
1826,BRUCE CURRY,bcurry@skynet.com,Journalism,TX," $1,930.95 ",2023/10/21
1101,CHARLIE STONE,cstone@outlook.com,Journalism,FL,$692.05,05-26-2023
1749,ALICE BROWN,abrown@yahoo.com,History,WA,"$1,982.01",04-22-2023
1551,Mary stone,mstone@dailybugle.com,Physics,KS,"$1,485.86",11/06/2023
1306,Peter BROWN,pbrown@stark.com,,TX,$634.99,2023-03-02
1986,ALICE Doe,adoe@stark.com,Engineering,NV,$786.35,2023-04-11
1321,Wanda CURRY,wcurry@skynet.com,Journalism,CA,$416.52,unknown
1799,Diana Jones,djones@gmail.com,Art,NV,$322.20,unknown
1730,HAL kent,hkent@skynet.com,,NV," $1,490.91 ",07/27/2023
1677,steve Smith,ssmith@outlook.com,Business,TX," $1,636.59 ",unknown
1653,john Maximoff,jmaximoff@gmail.com,Computer Science,AZ," $1,102.90 ",2023-08-14
1076,Wanda Allen,wallen@stark.com,Journalism,TX,$152.76,"Sep 29, 2023"
1192,HAL allen,hallen@edu.org,,NJ,$40.16,unknown
,STEVE Allen,sallen@gmail.com,Engineering,NV,$294.70,04-24-2023
1458,BRUCE STONE,bstone@stark.com,Art,TX,$1.09,2023-09-04
1439,SARA PRINCE,sprince@yahoo.com,Journalism,NY,"$1,697.19",08-01-2023
1918,PETER rogers,progers@stark.com,Journalism,,"$1,947.44",2023-10-24
1660,Mary wayne,mwayne@dailybugle.com,History,WA,$459.53,2023/03/06
1309,JOHN Kent,jkent@gmail.com,Agriculture,OR," $1,375.73 ",05/07/2023
1743,BARRY maximoff,bmaximoff@stark.com,Physics,AZ,$597.71,02/15/2023
,Wanda MAXIMOFF,wmaximoff@skynet.com,History,OR,$873.30,06/25/2023
,Arthur SMITH,asmith@gmail.com,Art,,$633.03,"Jun 15, 2023"
1616,STEVE PRINCE,sprince@dailybugle.com,,OR,$283.67,08/31/2023
,MARY MAXIMOFF,mmaximoff@dailybugle.com,Engineering,OR,"$1,960.49",2023-10-10
1199,bob jones,bjones@stark.com,Art,WA,$225.04,"Oct 18, 2023"
1598,Peter jordan,pjordan@dailybugle.com,Journalism,OR,"$1,617.10",2023/01/06
,Alice Kent,akent@edu.org,Math,AZ,"$1,898.85",2023-11-18
1882,DIANA jane,djane@outlook.com,Biology,TX,$899.88,"Mar 13, 2023"
1428,WANDA CONNOR,wconnor@edu.org,Engineering,OR,"$1,514.71",05/16/2023
1497,Peter JONES,pjones@gmail.com,Computer Science,KS,"$1,124.11",2023/04/17
1603,Hal doe,hdoe@yahoo.com,Journalism,,$628.91,pending
1010,Bruce wayne,bwayne@gmail.com,Engineering,FL," $1,078.47 ","Oct 20, 2023"
,charlie PARKER,cparker@skynet.com,History,,$132.46,05-16-2023
1670,BRUCE BROWN,bbrown@outlook.com,Agriculture,OR,$565.20,2023/02/15
,Steve PARKER,sparker@skynet.com,Business,NV,$160.31,2023-08-24
1928,Peter Maximoff,pmaximoff@yahoo.com,History,CA,$512.91,2023-07-29
1557,ALICE wayne,awayne@outlook.com,,NV,$528.08,2023-11-10
1636,BOB Smith,bsmith@stark.com,Biology,KS,$215.32,2023/03/10
,CHARLIE JANE,cjane@stark.com,Journalism,WA,$687.15,"Jul 25, 2023"
1371,ARTHUR ROGERS,arogers@outlook.com,Engineering,NJ,$453.56,05-28-2023
1834,HAL brown,hbrown@stark.com,Engineering,CA,"$1,289.52","Jan 27, 2023"
1582,Barry MAXIMOFF,bmaximoff@yahoo.com,Business,FL,$803.04,2023/06/25
1333,DIANA STONE,dstone@skynet.com,Business,NJ,$124.82,pending
1945,charlie JONES,cjones@edu.org,Biology,WA,"$1,512.96",09/28/2023
1210,Bruce Allen,ballen@skynet.com,Computer Science,AZ,"$1,160.63",08-30-2023
1319,peter DOE,pdoe@edu.org,,FL,$22.59,2023-05-25
1457,MARY WAYNE,mwayne@skynet.com,Computer Science,NV,$406.91,"Jul 11, 2023"
1088,charlie rogers,crogers@gmail.com,History,CA,$476.88,11/15/2023
1879,Barry connor,bconnor@skynet.com,Math,CA,$787.61,2023-08-29
1350,BOB ALLEN,ballen@stark.com,History,CA,"$1,935.03","Jun 03, 2023"
,BOB JANE,bjane@stark.com,Computer Science,FL,$913.50,05/16/2023
1413,BRUCE DOE,bdoe@edu.org,Physics,,"$1,236.01",unknown
1277,WANDA STONE,wstone@edu.org,Computer Science,KS,$824.41,pending
1959,JOHN maximoff,jmaximoff@gmail.com,Journalism,NY,$106.80,"Aug 20, 2023"
,MARY wayne,mwayne@skynet.com,,KS," $1,536.99 ","Aug 03, 2023"
1213,ALICE PARKER,aparker@gmail.com,History,KS,$624.18,"Sep 15, 2023"
1096,ALICE BROWN,abrown@stark.com,,,$733.90,2023-05-23
1078,STEVE MAXIMOFF,smaximoff@stark.com,Journalism,NY,$937.84,"May 21, 2023"
1703,HAL rogers,hrogers@dailybugle.com,Biology,FL," $1,526.35 ",2023-09-17
1136,Clark PRINCE,cprince@gmail.com,History,NV,$504.84,unknown
1208,CHARLIE DOE,cdoe@edu.org,Biology,AZ,"$1,632.03",2024-01-01
1522,DIANA BROWN,dbrown@outlook.com,Computer Science,AZ,$956.57,2023-09-11
1837,DIANA KENT,dkent@stark.com,Journalism,NJ,$785.26,pending
,bruce PRINCE,bprince@outlook.com,Art,CA," $1,679.95 ",09-26-2023
1568,bruce JONES,bjones@skynet.com,Physics,CA,"$1,822.72",2023-03-13
1260,bob kent,bkent@dailybugle.com,Biology,TX,"$1,280.58",04-14-2023
1467,BRUCE STONE,bstone@outlook.com,Computer Science,,$863.90,2023/11/17
1039,Diana Kent,dkent@yahoo.com,Engineering,NV," $1,193.58 ",2023-04-10
1030,VICTOR JORDAN,vjordan@edu.org,,WA," $1,706.90 ","Aug 03, 2023"
1697,john Prince,jprince@gmail.com,,,"$1,459.10","Oct 30, 2023"
1451,CHARLIE brown,cbrown@stark.com,Computer Science,AZ,$819.26,07/22/2023
1054,BOB STONE,bstone@yahoo.com,Biology,,"$1,592.29",07/11/2023
1023,MARY jordan,mjordan@skynet.com,Math,FL,$728.44,2023/12/07
1513,ARTHUR Doe,adoe@gmail.com,Biology,CA,$193.68,01/04/2023
1113,BARRY kent,bkent@outlook.com,History,OR,$634.08,2023-05-21
1109,WANDA BROWN,wbrown@yahoo.com,Art,NJ,"$1,187.45","Sep 18, 2023"
1506,hal rogers,hrogers@gmail.com,Journalism,WA," $1,880.57 ",07/11/2023
1966,VICTOR Jones,vjones@dailybugle.com,Physics,NV,$627.39,2023-03-03
,diana WAYNE,dwayne@stark.com,Art,NY,$789.44,03-14-2023
1003,barry Connor,bconnor@skynet.com,Physics,NJ,"$1,979.05",2023-10-13
1275,Hal jane,hjane@gmail.com,Physics,,"$1,863.18",2023-04-28
1656,Bob WAYNE,bwayne@dailybugle.com,Engineering,,$653.08,2023/06/21
,HAL jordan,hjordan@gmail.com,Physics,NJ,$999.36,2023-07-25
1854,mary ROGERS,mrogers@skynet.com,Computer Science,NY,$398.25,01/03/2023
1759,ALICE Parker,aparker@edu.org,Art,KS,$375.50,10/23/2023
1796,Sara CURRY,scurry@skynet.com,Art,NY,$789.81,2023/04/14
1902,John JANE,jjane@outlook.com,Math,WA," $1,779.17 ",2023/11/10
1394,Steve maximoff,smaximoff@stark.com,,NY,$767.26,07/12/2023
,barry CURRY,bcurry@skynet.com,,TX,$307.38,"Jun 19, 2023"
1614,CLARK rogers,crogers@yahoo.com,,AZ,$532.36,2023-02-21
1877,clark Maximoff,cmaximoff@edu.org,Math,,"$1,743.62","Oct 21, 2023"
1174,Alice connor,aconnor@stark.com,Journalism,,$913.49,"May 30, 2023"
1917,Arthur CONNOR,aconnor@edu.org,Physics,NV,$477.17,"Dec 15, 2023"
1058,PETER KENT,pkent@dailybugle.com,Engineering,CA," $1,159.15 ",2023/02/16
1265,john KENT,jkent@skynet.com,Agriculture,FL,"$1,788.63",2023/12/16
1063,BARRY Jane,bjane@edu.org,Computer Science,OR,$183.35,"Nov 24, 2023"
1789,BARRY SMITH,bsmith@dailybugle.com,Math,NV," $1,043.35 ",2023-11-26
1261,Diana PARKER,dparker@dailybugle.com,,CA,"$1,951.29",05-22-2023
1100,STEVE STONE,sstone@outlook.com,Agriculture,NV,$689.03,"Oct 10, 2023"
,Bruce ROGERS,brogers@outlook.com,Math,NY,$543.62,06-08-2023
1299,peter Wayne,pwayne@dailybugle.com,Journalism,KS,$689.05,2023-06-06
1615,hal JORDAN,hjordan@yahoo.com,History,NJ,"$1,411.71",unknown
1178,arthur CURRY,acurry@yahoo.com,,KS,$813.03,04/17/2023
1933,MARY jones,mjones@yahoo.com,Physics,NV," $1,427.44 ",2023/09/29
1778,JOHN Rogers,jrogers@yahoo.com,Art,AZ," $1,777.21 ",05-14-2023
1139,ALICE Connor,aconnor@gmail.com,Art,WA,"$1,354.07",07-16-2023
1803,Bruce jordan,bjordan@dailybugle.com,Business,KS,$652.02,2023-09-29
1168,CHARLIE JORDAN,cjordan@stark.com,Computer Science,,$135.07,2023/01/21
1066,Mary JONES,mjones@skynet.com,Art,," $1,566.45 ",09/24/2023
1256,Alice STONE,astone@skynet.com,Art,,$267.77,2023/04/30
1067,JOHN SMITH,jsmith@edu.org,Agriculture,,$161.58,2023-02-03
1986,ALICE Doe,adoe@stark.com,Engineering,NV,$786.35,2023-04-11
1012,wanda Brown,wbrown@gmail.com,Math,NY," $1,852.73 ",03/27/2023
1531,ALICE JONES,ajones@edu.org,Biology,CA,"$1,892.43","May 31, 2023"
1319,peter DOE,pdoe@edu.org,,FL,$22.59,2023-05-25
1984,HAL BROWN,hbrown@dailybugle.com,Physics,AZ,$392.31,01-20-2023
1866,ARTHUR PARKER,aparker@dailybugle.com,Engineering,FL,"$1,196.26",2023-06-22
1576,CHARLIE Doe,cdoe@yahoo.com,Agriculture,," $1,251.91 ",04-29-2023
1334,BARRY JANE,bjane@dailybugle.com,Journalism,WA,$763.13,2023-12-06
1286,Steve WAYNE,swayne@dailybugle.com,Business,TX,$501.39,12/28/2023
1911,Steve maximoff,smaximoff@gmail.com,Biology,KS,"$1,297.43",2023/01/04
1323,wanda Prince,wprince@edu.org,Agriculture,TX,$380.42,09/26/2023
1890,ARTHUR CURRY,acurry@yahoo.com,Business,KS,"$1,879.88",unknown
1536,MARY CONNOR,mconnor@skynet.com,Art,NV,$542.11,2023-01-25
1692,Peter JORDAN,pjordan@outlook.com,Biology,KS,$188.22,"May 10, 2023"
1649,hal rogers,hrogers@dailybugle.com,Biology,CA,"$1,083.10",2023/01/14
1528,MARY ROGERS,mrogers@skynet.com,Art,NY,"$1,588.69",2023/09/05
1513,ARTHUR Doe,adoe@gmail.com,Biology,CA,$193.68,01/04/2023
1585,peter KENT,pkent@stark.com,History,WA,$963.25,2023/03/24
1002,WANDA Jane,wjane@dailybugle.com,,NJ," $1,970.44 ",02/21/2023
1445,Alice Allen,aallen@outlook.com,Biology,FL," $1,610.78 ",10-17-2023
1237,WANDA WAYNE,wwayne@dailybugle.com,Business,NY,$771.75,pending
1495,Mary jordan,mjordan@yahoo.com,Biology,NV,$432.33,11-22-2023
1781,Alice allen,aallen@dailybugle.com,,WA," $1,408.44 ",2023-07-22
1327,steve smith,ssmith@outlook.com,History,NV,$157.09,"Aug 27, 2023"
1547,John Wayne,jwayne@edu.org,Agriculture,,$857.90,2023-09-19
1858,alice WAYNE,awayne@outlook.com,,NY,"$1,049.13",pending
1529,diana BROWN,dbrown@stark.com,Business,NV,"$1,566.95","Feb 02, 2023"
1346,SARA jane,sjane@outlook.com,Journalism,NY,$554.57,07/18/2023
1883,bruce brown,bbrown@outlook.com,Agriculture,,"$1,919.24",03-16-2023
1583,steve jane,sjane@skynet.com,,WA,$124.80,2023/08/09
,victor Smith,vsmith@yahoo.com,Business,WA,$385.32,01-27-2023
1587,CHARLIE Rogers,crogers@skynet.com,Agriculture,TX,"$1,268.59",unknown
1308,bruce Wayne,bwayne@dailybugle.com,Physics,OR,$947.69,pending
1059,Victor CONNOR,vconnor@stark.com,Agriculture,NJ,"$1,493.12",02/28/2023
1993,MARY PRINCE,mprince@yahoo.com,Art,NY,"$1,392.16",unknown
1231,DIANA STONE,dstone@yahoo.com,,,$533.96,"May 27, 2023"
1629,Bob DOE,bdoe@gmail.com,Math,CA,"$1,852.09",2023/09/05
1601,hal PARKER,hparker@gmail.com,Art,FL,"$1,907.52",08/17/2023
1662,john CONNOR,jconnor@yahoo.com,Business,,$333.87,09-21-2023
1136,Clark PRINCE,cprince@gmail.com,History,NV,$504.84,unknown
1915,Bruce SMITH,bsmith@skynet.com,Computer Science,CA,$623.78,"Feb 17, 2023"
1314,Charlie parker,cparker@skynet.com,History,OR,$907.48,"Nov 04, 2023"
1106,WANDA rogers,wrogers@yahoo.com,Journalism,,$562.71,"Dec 01, 2023"
1823,peter jane,pjane@yahoo.com,Math,FL,$973.07,08/10/2023
1055,victor CONNOR,vconnor@skynet.com,,NJ,$919.14,2023/08/27
1120,JOHN KENT,jkent@edu.org,Business,NJ,"$1,380.58",06/01/2023
,victor BROWN,vbrown@yahoo.com,,FL,"$1,669.90",06/21/2023
1025,john PRINCE,jprince@edu.org,History,TX,"$1,317.70","Dec 06, 2023"
1072,Charlie JORDAN,cjordan@edu.org,Journalism,NJ," $1,443.19 ","Oct 18, 2023"
1549,mary brown,mbrown@gmail.com,Business,NJ," $1,400.32 ",04/24/2023
1044,peter stone,pstone@gmail.com,Engineering,AZ,"$1,842.39","Aug 28, 2023"
1296,Mary Prince,mprince@stark.com,Computer Science,FL," $1,495.36 ","Jan 06, 2023"
,Wanda JANE,wjane@yahoo.com,Physics,AZ,$516.11,"Apr 04, 2023"
1247,JOHN jordan,jjordan@dailybugle.com,Journalism,AZ,"$1,466.45","Aug 26, 2023"
1336,CHARLIE STONE,cstone@edu.org,Math,WA,$710.61,pending
1351,Barry ROGERS,brogers@yahoo.com,,FL,$978.47,"Oct 04, 2023"
,STEVE Smith,ssmith@edu.org,Agriculture,KS,"$1,951.11",pending
1737,Bruce curry,bcurry@gmail.com,Math,TX,$357.59,12/11/2023
,ALICE ALLEN,aallen@outlook.com,Biology,OR,"$1,983.79",03/26/2023
1420,Steve SMITH,ssmith@gmail.com,Physics,,$187.16,04-03-2023
1381,STEVE STONE,sstone@outlook.com,Art,,$519.07,03/16/2023
1694,Steve CONNOR,sconnor@outlook.com,,TX,"$1,411.28",unknown
1539,BRUCE prince,bprince@dailybugle.com,,NY,$330.23,"May 27, 2023"
1449,mary Stone,mstone@outlook.com,Engineering,CA,"$1,582.41",10/29/2023
1622,Diana rogers,drogers@gmail.com,Biology,CA,$99.80,05-26-2023
1209,STEVE ALLEN,sallen@gmail.com,Engineering,NV,"$1,525.84",12-15-2023
1554,JOHN CONNOR,jconnor@gmail.com,Biology,FL,"$1,481.43","Dec 17, 2023"
1636,BOB Smith,bsmith@stark.com,Biology,KS,$215.32,2023/03/10
1481,BARRY kent,bkent@yahoo.com,Agriculture,KS,$852.20,07/29/2023
1432,steve rogers,srogers@outlook.com,,WA," $1,958.97 ","Oct 24, 2023"
1626,VICTOR JONES,vjones@skynet.com,Physics,AZ,"$1,755.61",2023-07-21
,BRUCE JORDAN,bjordan@stark.com,Engineering,OR,$737.17,"May 15, 2023"
,arthur JANE,ajane@gmail.com,Agriculture,TX,$932.63,"May 29, 2023"
,john CURRY,jcurry@gmail.com,Art,TX,$316.35,unknown
,peter Smith,psmith@gmail.com,History,CA,"$1,731.60",03-05-2023
1901,arthur BROWN,abrown@yahoo.com,Business,,$18.45,06-25-2023
,Wanda JANE,wjane@yahoo.com,Biology,,$740.96,2023-01-05
1666,arthur jane,ajane@outlook.com,Engineering,NY,"$1,849.03",unknown
1976,JOHN CONNOR,jconnor@dailybugle.com,Math,WA,$343.24,09-09-2023
1477,arthur PARKER,aparker@dailybugle.com,,," $1,848.31 ","Apr 09, 2023"
1332,Hal Curry,hcurry@dailybugle.com,,WA,"$1,231.14","Apr 16, 2023"
1938,arthur Doe,adoe@gmail.com,Art,,"$1,375.91",02/20/2023
1700,SARA SMITH,ssmith@dailybugle.com,Engineering,NV," $1,103.22 ",unknown
1464,STEVE CONNOR,sconnor@skynet.com,,,$519.25,04-27-2023
1355,arthur Jones,ajones@yahoo.com,Biology,,"$1,582.10",07-12-2023
1362,clark Brown,cbrown@skynet.com,Art,AZ," $1,940.27 ",02/14/2023
1312,charlie Jordan,cjordan@gmail.com,Physics,NY,$182.38,11/21/2023
1318,DIANA Stone,dstone@skynet.com,Math,OR,$985.01,2023-11-09
1973,sara jane,sjane@stark.com,Journalism,,$991.50,06/26/2023
1380,STEVE JANE,sjane@edu.org,History,,"$1,529.44","Feb 04, 2023"
1182,ALICE Connor,aconnor@edu.org,Physics,TX,$549.96,pending
1716,DIANA Wayne,dwayne@outlook.com,Physics,CA," $1,209.25 ",2023-12-14
1110,DIANA Rogers,drogers@stark.com,Biology,NJ," $1,934.14 ","Oct 24, 2023"
1530,MARY PARKER,mparker@gmail.com,Journalism,,$257.63,unknown
1377,hal allen,hallen@dailybugle.com,Business,NJ,$327.58,08-06-2023
1713,DIANA smith,dsmith@yahoo.com,,,"$1,453.57",08-09-2023
1872,WANDA CONNOR,wconnor@gmail.com,Engineering,AZ,"$1,699.18",2023-04-29
1939,BARRY SMITH,bsmith@outlook.com,Computer Science,NV," $1,291.21 ",2023-05-14
1731,BARRY BROWN,bbrown@stark.com,Physics,OR,$350.77,"Jan 08, 2023"
1292,SARA STONE,sstone@dailybugle.com,Computer Science,TX,"$1,099.93",2023-12-03
1436,PETER connor,pconnor@yahoo.com,Biology,KS,"$1,761.81",2023-03-23
1835,Steve SMITH,ssmith@outlook.com,Business,,"$1,531.07",12-09-2023
1307,CHARLIE DOE,cdoe@outlook.com,Engineering,FL,$213.54,"Nov 10, 2023"
1289,diana Curry,dcurry@yahoo.com,History,,$383.23,11-25-2023
1968,hal JORDAN,hjordan@gmail.com,,AZ,$669.68,pending
1215,CHARLIE PARKER,cparker@outlook.com,Biology,NJ,"$1,542.50",2023/11/01
1630,CLARK MAXIMOFF,cmaximoff@dailybugle.com,,,"$1,489.20",09-19-2023
1280,clark stone,cstone@outlook.com,Agriculture,CA,$304.30,2023-01-12
1673,bruce stone,bstone@stark.com,Agriculture,FL,$57.93,04-21-2023
1450,Diana prince,dprince@stark.com,,NJ," $1,131.53 ",07/13/2023
1298,diana Jordan,djordan@gmail.com,Business,TX,"$1,524.07",04/12/2023
1785,bob Curry,bcurry@dailybugle.com,Physics,,"$1,970.26",06/17/2023
1137,WANDA Wayne,wwayne@gmail.com,Business,CA," $1,273.50 ",02/12/2023
1305,bruce Brown,bbrown@yahoo.com,Business,AZ,$658.57,"Apr 16, 2023"
1807,ALICE Curry,acurry@yahoo.com,Computer Science,KS," $1,166.90 ",09/01/2023
1294,CLARK allen,callen@skynet.com,,,"$1,780.65",2023-04-24
1599,ALICE JANE,ajane@yahoo.com,Engineering,FL,"$1,212.22","Sep 23, 2023"
1581,ALICE Smith,asmith@stark.com,,AZ,$798.56,07-18-2023
1029,diana WAYNE,dwayne@yahoo.com,Physics,NY,$829.74,08/27/2023
1165,Mary Jane,mjane@gmail.com,Biology,TX,$880.20,11-18-2023
,BARRY DOE,bdoe@edu.org,Art,TX,"$1,471.84",pending
1310,Hal CURRY,hcurry@edu.org,Biology,FL,"$1,037.41","Jan 21, 2023"
1685,Clark ROGERS,crogers@skynet.com,Agriculture,,$832.61,2023/02/04
,STEVE Stone,sstone@stark.com,Engineering,FL,"$1,603.88",2023/05/20
1342,BARRY SMITH,bsmith@yahoo.com,Agriculture,NV,$467.32,07/19/2023
1605,victor Stone,vstone@outlook.com,Computer Science,AZ,$653.75,pending
1526,CHARLIE Jordan,cjordan@outlook.com,Physics,NY,"$1,960.55",10/31/2023
1065,CHARLIE BROWN,cbrown@yahoo.com,,FL,"$1,177.71",unknown
1631,Steve ROGERS,srogers@dailybugle.com,Business,NY,$927.93,pending
1891,CLARK JANE,cjane@edu.org,Computer Science,NV,$725.99,"Aug 03, 2023"
1254,Sara KENT,skent@edu.org,Computer Science,," $1,045.42 ",12/17/2023
1718,WANDA stone,wstone@outlook.com,Agriculture,OR,$421.27,12/11/2023
1770,Barry Jones,bjones@dailybugle.com,Agriculture,AZ,$751.64,12/08/2023
1221,MARY Stone,mstone@skynet.com,Journalism,TX,$966.16,07/30/2023
1235,ALICE BROWN,abrown@stark.com,Journalism,,"$1,415.36","Apr 05, 2023"
1429,Sara PARKER,sparker@skynet.com,,CA,$343.47,12/21/2023
1543,wanda rogers,wrogers@outlook.com,Physics,CA,$202.68,"Feb 13, 2023"
,steve Curry,scurry@dailybugle.com,Physics,NV,$843.44,08/08/2023
1588,PETER STONE,pstone@outlook.com,History,AZ,"$1,910.21",pending
1972,peter PARKER,pparker@dailybugle.com,History,WA,$217.43,02/10/2023
1249,bruce JONES,bjones@edu.org,Biology,,"$1,297.05","Sep 24, 2023"
1578,PETER JONES,pjones@stark.com,,NJ," $1,094.27 ",02/14/2023
1409,Hal KENT,hkent@stark.com,Agriculture,WA,"$1,578.63",02-11-2023
1071,BARRY JANE,bjane@skynet.com,Engineering,,$546.54,06/23/2023
1094,diana curry,dcurry@dailybugle.com,Agriculture,,"$1,740.07",2023-08-11
,BARRY WAYNE,bwayne@yahoo.com,Biology,FL,$252.44,2023/10/16
1644,Charlie JANE,cjane@yahoo.com,Biology,NY,"$1,177.23","Oct 02, 2023"
1259,Mary wayne,mwayne@stark.com,Biology,CA," $1,608.74 ",2023/08/30
1204,WANDA jordan,wjordan@skynet.com,Agriculture,KS,$688.50,05-13-2023
1798,ALICE PARKER,aparker@yahoo.com,Engineering,KS,$924.07,01/29/2023
1620,PETER JORDAN,pjordan@outlook.com,Journalism,WA," $1,178.30 ",05/22/2023
1365,JOHN rogers,jrogers@edu.org,Business,KS," $1,253.62 ",01-01-2023
1077,BARRY ALLEN,ballen@gmail.com,,AZ,$305.74,2023-02-08
1084,charlie JORDAN,cjordan@gmail.com,History,AZ,$569.86,2023-08-18
1994,charlie Rogers,crogers@yahoo.com,Journalism,WA,$832.17,"Oct 26, 2023"
1082,Diana Jordan,djordan@dailybugle.com,Math,,"$1,340.91",01/10/2023
1525,alice Prince,aprince@yahoo.com,History,CA,$724.45,"Feb 22, 2023"
1439,SARA PRINCE,sprince@yahoo.com,Journalism,NY,"$1,697.19",08-01-2023
1567,STEVE STONE,sstone@edu.org,Agriculture,OR," $1,064.95 ",unknown
,SARA CONNOR,sconnor@yahoo.com,,WA,$200.47,"Jan 07, 2023"
,Steve Jordan,sjordan@outlook.com,Engineering,AZ,$787.24,"Nov 26, 2023"
1887,HAL Curry,hcurry@yahoo.com,History,,$767.78,pending
1331,BRUCE Connor,bconnor@skynet.com,Journalism,OR,$352.35,"Feb 05, 2023"
1005,BRUCE Kent,bkent@yahoo.com,Computer Science,NY,$305.68,12/15/2023
1479,BOB ROGERS,brogers@stark.com,Math,NV,$928.53,"Jul 11, 2023"
1104,Hal prince,hprince@outlook.com,Journalism,KS," $1,468.40 ",2023-07-24
1097,SARA ROGERS,srogers@stark.com,Agriculture,AZ,$571.15,2023-09-09
1832,Arthur JORDAN,ajordan@skynet.com,Biology,CA," $1,445.55 ",unknown
1787,SARA Brown,sbrown@outlook.com,,AZ," $1,036.98 ",2023-09-12
1424,hal jones,hjones@outlook.com,Business,NJ,"$1,807.47","Jul 03, 2023"
1934,Arthur MAXIMOFF,amaximoff@edu.org,Agriculture,NJ," $1,212.56 ",2023-01-11
1281,CLARK BROWN,cbrown@yahoo.com,,WA,$623.15,07/10/2023
1266,PETER WAYNE,pwayne@yahoo.com,Art,NY,$239.76,12/06/2023
,CLARK PARKER,cparker@stark.com,Business,AZ,$495.00,2023-09-30
1453,Steve doe,sdoe@stark.com,Art,NV,"$1,213.71",01/24/2023
1359,ALICE smith,asmith@gmail.com,,,"$1,074.72",01/15/2023
1490,Wanda Kent,wkent@skynet.com,Agriculture,CA,"$1,474.58",08/22/2023
1991,ALICE jones,ajones@edu.org,,FL,$214.44,"Jul 07, 2023"
1816,mary JANE,mjane@gmail.com,Computer Science,,"$1,583.19",01-26-2023
1118,STEVE brown,sbrown@yahoo.com,Engineering,CA," $1,473.24 ","Oct 18, 2023"
,STEVE JORDAN,sjordan@yahoo.com,Art,KS," $1,168.99 ",pending
1250,clark CONNOR,cconnor@edu.org,History,KS,"$1,634.47",09-04-2023
,BOB CURRY,bcurry@dailybugle.com,Computer Science,TX,$472.08,2023/09/14
,PETER DOE,pdoe@edu.org,Journalism,,$449.65,unknown
1704,CLARK jordan,cjordan@skynet.com,Physics,CA,"$1,940.65",03-14-2023
1009,VICTOR PARKER,vparker@edu.org,Journalism,NV,$902.97,02/02/2023
1859,CHARLIE CURRY,ccurry@dailybugle.com,Agriculture,TX,$775.72,10-05-2023
1196,barry jordan,bjordan@skynet.com,,NY,$171.41,10/05/2023
1652,DIANA curry,dcurry@stark.com,Art,,$613.79,05-16-2023
1081,ARTHUR SMITH,asmith@gmail.com,Business,AZ,"$1,746.56","Oct 26, 2023"
1447,victor jones,vjones@dailybugle.com,Art,WA,"$1,744.03",11/22/2023
1533,Peter Allen,pallen@dailybugle.com,Business,NJ," $1,353.05 ","Mar 15, 2023"
1668,DIANA JANE,djane@edu.org,Computer Science,NJ,"$1,463.27",07-01-2023
1239,MARY PARKER,mparker@dailybugle.com,Biology,KS,$75.77,04-02-2023
,ALICE CONNOR,aconnor@edu.org,Engineering,NY,$221.66,2024/01/01
1211,Hal Prince,hprince@skynet.com,Agriculture,,"$1,724.79",02/11/2023
1773,Wanda SMITH,wsmith@skynet.com,Math,WA," $1,506.64 ",03-30-2023
1545,CHARLIE Allen,callen@yahoo.com,Physics,KS,"$1,802.00",2023/04/12
,ARTHUR WAYNE,awayne@edu.org,Business,NV,"$1,932.50",2023-04-30
1227,PETER jane,pjane@gmail.com,Biology,AZ,$246.44,"Aug 23, 2023"
1922,bruce rogers,brogers@gmail.com,Biology,NV,$578.15,2023-05-28
1404,VICTOR stone,vstone@outlook.com,Engineering,TX,"$1,288.59",09-06-2023
1889,BRUCE Maximoff,bmaximoff@dailybugle.com,Journalism,KS," $1,701.19 ","May 13, 2023"
1177,Victor ALLEN,vallen@gmail.com,Biology,TX,$473.54,2023/06/11
1626,VICTOR JONES,vjones@skynet.com,Physics,AZ,"$1,755.61",2023-07-21
1465,CLARK Parker,cparker@gmail.com,Biology,KS,$865.10,2023-05-21
1430,STEVE PRINCE,sprince@stark.com,Physics,,$381.60,2023/12/23
1532,STEVE CURRY,scurry@dailybugle.com,,FL,$73.47,2023/04/21
1695,Mary Smith,msmith@dailybugle.com,Biology,KS,"$1,795.47",10-28-2023
1478,ARTHUR stone,astone@stark.com,,NJ," $1,745.70 ",10-27-2023
1688,MARY BROWN,mbrown@skynet.com,Art,AZ,"$1,336.99",pending
1007,CLARK Connor,cconnor@outlook.com,Math,NV,"$1,836.99",pending
1155,Wanda ROGERS,wrogers@gmail.com,Math,OR," $1,131.30 ","Sep 11, 2023"
1357,ALICE CONNOR,aconnor@outlook.com,Math,NY," $1,973.21 ",11/13/2023
1584,PETER DOE,pdoe@dailybugle.com,Physics,,$810.14,12/31/2023
1223,Charlie SMITH,csmith@stark.com,Agriculture,KS,"$1,940.29","Apr 25, 2023"
1329,arthur maximoff,amaximoff@stark.com,Art,,$205.86,02/24/2023
1633,PETER ALLEN,pallen@dailybugle.com,Art,TX,$556.68,2023/06/05
1822,Wanda brown,wbrown@edu.org,Physics,CA,$868.76,2023-03-30
1868,Clark ROGERS,crogers@yahoo.com,Business,OR,"$1,190.54",07/18/2023
,PETER maximoff,pmaximoff@stark.com,Agriculture,NV,$211.32,07/06/2023
1096,ALICE BROWN,abrown@stark.com,,,$733.90,2023-05-23
1746,ARTHUR JONES,ajones@stark.com,Computer Science,OR," $1,220.06 ",02-07-2023
1678,Victor DOE,vdoe@dailybugle.com,Business,AZ," $1,718.61 ","Aug 06, 2023"
1809,MARY brown,mbrown@edu.org,Biology,KS,"$1,861.88",04/04/2023
1494,CHARLIE curry,ccurry@dailybugle.com,Physics,NJ,"$1,683.13","Jan 10, 2023"
1572,CLARK JONES,cjones@edu.org,History,NV,"$1,210.17",12/21/2023
1628,ALICE PARKER,aparker@yahoo.com,Physics,NJ," $1,438.28 ","Sep 06, 2023"
1762,Bob CONNOR,bconnor@stark.com,Biology,KS," $1,051.15 ",10-16-2023
1958,ALICE Stone,astone@edu.org,Physics,NV,"$1,662.78",2023-01-21
1163,DIANA CONNOR,dconnor@outlook.com,,TX,$103.57,12-25-2023
1228,Charlie ROGERS,crogers@skynet.com,Physics,TX,"$1,460.99","Jul 18, 2023"
1523,Alice CURRY,acurry@stark.com,Agriculture,NJ,"$1,968.78",2023/03/23
,BARRY Jones,bjones@outlook.com,,TX,"$1,199.44",08-14-2023
1212,SARA curry,scurry@edu.org,Computer Science,,$867.42,2023/08/08
1825,VICTOR JANE,vjane@stark.com,Physics,OR,$126.25,2023-08-02
1079,bob prince,bprince@edu.org,Biology,AZ,"$1,303.67","Sep 01, 2023"
1148,arthur Stone,astone@outlook.com,Art,TX,$689.93,2023-02-23
1302,alice KENT,akent@edu.org,Biology,,"$1,320.75",12/04/2023
1448,STEVE stone,sstone@dailybugle.com,Math,,$425.29,2023/03/22
1501,bob smith,bsmith@dailybugle.com,Agriculture,KS,$268.53,"Jan 21, 2023"
1548,MARY Kent,mkent@dailybugle.com,Computer Science,NV,"$1,222.20","Oct 30, 2023"
1841,victor Allen,vallen@yahoo.com,History,," $1,273.42 ",01-16-2023
,BRUCE connor,bconnor@gmail.com,Engineering,OR,$142.36,05-16-2023
1493,arthur STONE,astone@gmail.com,Agriculture,WA,"$1,711.55",2023-01-06
1133,Charlie DOE,cdoe@yahoo.com,History,FL,$998.60,12/17/2023
1594,CHARLIE Jordan,cjordan@yahoo.com,,NV,$236.75,07-20-2023
1311,alice Parker,aparker@edu.org,Biology,TX,$927.16,02-16-2023
1507,BOB STONE,bstone@skynet.com,Business,KS,"$1,019.22",12/19/2023
1655,BRUCE SMITH,bsmith@dailybugle.com,Journalism,CA,"$1,201.16","Feb 09, 2023"
1516,ALICE curry,acurry@edu.org,Agriculture,NY,"$1,468.56",04-10-2023
1849,mary ROGERS,mrogers@outlook.com,Math,FL,$47.01,2023-03-03
1811,Diana Jones,djones@outlook.com,History,NV,"$1,808.56",2023/06/13
1000,john Kent,jkent@gmail.com,,NV,"$1,204.04",11-29-2023
1782,Diana CURRY,dcurry@stark.com,Art,CA,"$1,941.78","Jul 03, 2023"
1382,charlie Allen,callen@outlook.com,Computer Science,TX,"$1,529.38","Mar 27, 2023"
1316,SARA PRINCE,sprince@dailybugle.com,Biology,,$598.59,07-14-2023
1761,BARRY STONE,bstone@yahoo.com,Computer Science,,"$1,425.39",06/27/2023
1591,MARY MAXIMOFF,mmaximoff@yahoo.com,Agriculture,NY,$391.12,03/05/2023
1408,ALICE SMITH,asmith@skynet.com,Journalism,NY,"$1,069.82",08/15/2023
,ALICE DOE,adoe@dailybugle.com,Journalism,NJ,"$1,060.07",2023-10-16
,ALICE CONNOR,aconnor@edu.org,Engineering,NY,$221.66,2024/01/01
,WANDA jane,wjane@gmail.com,Business,WA,"$1,180.43","Mar 31, 2023"
,bob Rogers,brogers@outlook.com,Art,NY,$456.81,01-23-2023
1125,CHARLIE WAYNE,cwayne@dailybugle.com,Business,FL,$495.02,2023-05-22
1696,John jordan,jjordan@gmail.com,Biology,FL,"$1,377.43",11-22-2023
1499,VICTOR Prince,vprince@gmail.com,Business,TX,$664.09,12/19/2023
,CHARLIE MAXIMOFF,cmaximoff@dailybugle.com,Engineering,FL," $1,452.63 ",07-13-2023
1971,BOB ROGERS,brogers@yahoo.com,Art,,"$1,555.48","Sep 26, 2023"
1090,JOHN jordan,jjordan@dailybugle.com,,KS,$482.25,02-23-2023
1811,Diana Jones,djones@outlook.com,History,NV,"$1,808.56",2023/06/13
1181,BARRY Jones,bjones@yahoo.com,Agriculture,NY," $1,810.16 ",2023-06-19
1363,PETER Rogers,progers@outlook.com,History,AZ," $1,892.50 ",01/03/2023
1274,CLARK MAXIMOFF,cmaximoff@yahoo.com,Biology,,$469.25,12-25-2023
1752,VICTOR jordan,vjordan@edu.org,Engineering,NY," $1,300.87 ",pending
1962,DIANA DOE,ddoe@yahoo.com,,FL,$588.86,08/09/2023
1069,wanda Jordan,wjordan@dailybugle.com,Computer Science,,$170.73,07-10-2023
1291,ALICE KENT,akent@yahoo.com,Computer Science,,$462.04,"Apr 09, 2023"
1131,STEVE Parker,sparker@yahoo.com,Computer Science,OR,"$1,828.88",2023-12-27
1300,Wanda Brown,wbrown@gmail.com,History,TX," $1,737.50 ",01/08/2023
1712,alice maximoff,amaximoff@edu.org,Engineering,CA,"$1,085.50",07/02/2023
1326,MARY PARKER,mparker@dailybugle.com,Art,NY,$622.76,10/04/2023
1144,BRUCE rogers,brogers@edu.org,Art,KS,$880.45,2023/11/30
1521,ARTHUR ALLEN,aallen@gmail.com,Math,KS,$289.40,04/23/2023
1963,ALICE Stone,astone@dailybugle.com,,CA,"$1,283.87",04/21/2023
1886,BARRY SMITH,bsmith@edu.org,Biology,NV,"$1,457.33",2023/02/04
1135,BRUCE Jones,bjones@skynet.com,Art,OR,$31.46,pending
1996,CHARLIE PRINCE,cprince@outlook.com,,CA,"$1,764.98",06/07/2023
1722,WANDA Prince,wprince@outlook.com,,OR,"$1,312.38",02/20/2023
1164,bob jane,bjane@gmail.com,Computer Science,WA,"$1,388.06",04/28/2023
1028,WANDA STONE,wstone@edu.org,History,NJ,"$1,531.63",2023-11-17
,clark MAXIMOFF,cmaximoff@outlook.com,History,NV,$557.12,"Dec 26, 2023"
1193,HAL CONNOR,hconnor@skynet.com,Agriculture,WA,"$1,884.88",2023-08-11
1902,John JANE,jjane@outlook.com,Math,WA," $1,779.17 ",2023/11/10
1813,Hal JORDAN,hjordan@stark.com,Business,KS,$264.68,"May 14, 2023"
1433,diana SMITH,dsmith@dailybugle.com,,,"$1,152.81",05-18-2023
1987,DIANA CONNOR,dconnor@stark.com,History,FL," $1,092.36 ",2023/10/21
1169,HAL PRINCE,hprince@dailybugle.com,Math,TX,$554.94,2023/09/19
1541,BARRY WAYNE,bwayne@yahoo.com,Math,TX,$150.24,09/21/2023
1140,bob ALLEN,ballen@stark.com,Engineering,OR,$981.21,07/12/2023
,Alice Rogers,arogers@yahoo.com,Business,KS,$542.52,2023-07-10
,HAL MAXIMOFF,hmaximoff@dailybugle.com,Engineering,KS,$223.10,pending
1820,WANDA DOE,wdoe@dailybugle.com,Computer Science,KS,$901.57,09/03/2023
1535,BOB curry,bcurry@stark.com,Engineering,,$754.31,2023/07/13
1961,VICTOR JORDAN,vjordan@skynet.com,Math,AZ,$768.20,2023-05-08
1855,sara Jordan,sjordan@dailybugle.com,Computer Science,,$278.41,"Nov 06, 2023"
1073,CHARLIE connor,cconnor@edu.org,Business,NV,$227.64,"May 26, 2023"
1737,Bruce curry,bcurry@gmail.com,Math,TX,$357.59,12/11/2023
1527,hal Wayne,hwayne@stark.com,Computer Science,WA,$550.43,pending
1238,barry MAXIMOFF,bmaximoff@gmail.com,Math,NY,$421.56,04-20-2023
1145,arthur parker,aparker@outlook.com,Business,AZ,$399.60,"Apr 03, 2023"
,Clark JONES,cjones@edu.org,History,OR,$68.68,12-27-2023
1234,BOB CONNOR,bconnor@gmail.com,Math,TX,"$1,167.97",06/19/2023
1220,clark jones,cjones@stark.com,Agriculture,TX,$226.11,2023/01/31
1214,ALICE Prince,aprince@dailybugle.com,Journalism,OR,$718.50,pending
1711,BARRY JANE,bjane@yahoo.com,,AZ,$515.67,11-11-2023
1132,Arthur prince,aprince@gmail.com,Agriculture,KS,"$1,828.66",pending
1601,hal PARKER,hparker@gmail.com,Art,FL,"$1,907.52",08/17/2023
1906,MARY Wayne,mwayne@gmail.com,Computer Science,FL,"$1,893.16",2023/03/08
1707,DIANA STONE,dstone@dailybugle.com,Art,,"$1,771.18",05/01/2023
1422,mary CURRY,mcurry@dailybugle.com,Art,KS,"$1,939.54",08/20/2023
1185,BARRY Wayne,bwayne@stark.com,History,WA,$709.61,2023-03-30
1041,ALICE Kent,akent@gmail.com,Biology,AZ,"$1,898.25",2023-05-08
1767,ARTHUR DOE,adoe@yahoo.com,Engineering,NV,"$1,485.82",02-06-2023
1108,MARY Brown,mbrown@stark.com,,WA,"$1,000.16",03-12-2023
1635,sara WAYNE,swayne@stark.com,History,," $1,761.51 ",07-16-2023
1056,sara JONES,sjones@edu.org,History,OR,$213.31,"Jul 03, 2023"
1482,clark jordan,cjordan@stark.com,Math,NJ,"$1,853.21",02/06/2023
1753,arthur SMITH,asmith@yahoo.com,Biology,," $1,604.76 ",2023-12-05
1793,Alice JORDAN,ajordan@dailybugle.com,Journalism,WA,"$1,653.14",pending
1468,Bruce JANE,bjane@gmail.com,Art,NY,"$1,250.70",2023/02/13
,peter CONNOR,pconnor@skynet.com,Business,AZ,"$1,130.43",07/14/2023
1435,WANDA BROWN,wbrown@stark.com,Journalism,TX,"$1,243.68","Feb 14, 2023"
1024,MARY PRINCE,mprince@dailybugle.com,Physics,WA," $1,354.64 ","Nov 12, 2023"
1549,mary brown,mbrown@gmail.com,Business,NJ," $1,400.32 ",04/24/2023
1518,JOHN connor,jconnor@dailybugle.com,Agriculture,NY," $1,330.95 ",11-21-2023
1837,DIANA KENT,dkent@stark.com,Journalism,NJ,$785.26,pending
1667,SARA Doe,sdoe@edu.org,Biology,NJ,"$1,883.61","Aug 16, 2023"
1174,Alice connor,aconnor@stark.com,Journalism,,$913.49,"May 30, 2023"
1997,BRUCE Jones,bjones@stark.com,History,,$679.86,"Apr 15, 2023"
,Bob WAYNE,bwayne@skynet.com,,CA,$937.74,"Aug 29, 2023"
1051,HAL MAXIMOFF,hmaximoff@yahoo.com,Business,," $1,489.41 ",07/15/2023
1383,DIANA KENT,dkent@stark.com,,,$562.84,07/30/2023
1861,Arthur JORDAN,ajordan@skynet.com,History,TX,$958.73,09-18-2023
1989,Barry JANE,bjane@outlook.com,,NV,$525.70,10/14/2023
1682,Arthur BROWN,abrown@dailybugle.com,Math,NV,$999.63,05/01/2023
1995,Wanda Maximoff,wmaximoff@skynet.com,Art,KS,"$1,593.20",12-31-2023
1264,ARTHUR MAXIMOFF,amaximoff@gmail.com,Business,FL,"$1,353.83",06/11/2023
1708,JOHN JORDAN,jjordan@yahoo.com,,NY,$679.17,2023-08-06
1765,DIANA PARKER,dparker@stark.com,Physics,TX," $1,529.19 ",05/05/2023
1736,WANDA PARKER,wparker@outlook.com,Art,TX,$657.28,2023/05/26
1444,PETER jones,pjones@gmail.com,Math,FL,"$1,664.46",2023/08/05
,SARA prince,sprince@edu.org,Art,NV,"$1,370.75","Sep 01, 2023"
1558,John Allen,jallen@dailybugle.com,Art,OR,$441.28,"Oct 25, 2023"
1176,JOHN JORDAN,jjordan@skynet.com,Business,CA,"$1,945.12",unknown
1018,STEVE KENT,skent@stark.com,Biology,TX,"$1,274.23","Aug 15, 2023"
1979,charlie DOE,cdoe@yahoo.com,Journalism,TX,$172.38,12/04/2023
1538,CLARK SMITH,csmith@dailybugle.com,Agriculture,KS,"$1,596.94",2023/05/22
1613,mary jones,mjones@edu.org,Computer Science,,$765.05,2023-04-10
1590,Victor JORDAN,vjordan@gmail.com,Computer Science,,$32.85,02/23/2023
,BARRY CONNOR,bconnor@outlook.com,Computer Science,AZ," $1,742.26 ",04/26/2023
1083,PETER curry,pcurry@gmail.com,Computer Science,NV," $1,670.24 ","Jan 20, 2023"
1061,BARRY Jane,bjane@dailybugle.com,,NJ,"$1,298.48",2023/01/24
1514,clark rogers,crogers@stark.com,Journalism,WA," $1,221.62 ",06-19-2023
1272,clark ALLEN,callen@stark.com,Journalism,OR,"$1,549.49",02/10/2023
,ALICE Rogers,arogers@edu.org,,CA,$119.55,"Dec 26, 2023"
1360,BRUCE maximoff,bmaximoff@stark.com,,FL," $1,475.50 ",07-12-2023
1354,MARY ROGERS,mrogers@edu.org,Business,AZ,"$1,091.77",04-20-2023
1951,ALICE JONES,ajones@edu.org,,WA," $1,557.83 ",09-26-2023
1278,Charlie ALLEN,callen@outlook.com,,NJ," $1,194.01 ",10/08/2023
1368,victor Kent,vkent@dailybugle.com,Math,OR," $1,241.90 ",12-21-2023
1664,VICTOR PRINCE,vprince@yahoo.com,Art,OR,$758.75,09-18-2023
1618,SARA Brown,sbrown@edu.org,Math,OR,$507.07,06/30/2023
1589,MARY rogers,mrogers@skynet.com,Journalism,,$351.63,"Apr 01, 2023"
1657,BARRY rogers,brogers@outlook.com,Art,," $1,218.08 ",09-19-2023
1761,BARRY STONE,bstone@yahoo.com,Computer Science,,"$1,425.39",06/27/2023
1456,BRUCE ROGERS,brogers@gmail.com,Math,OR,$57.81,2023-01-10
1393,STEVE wayne,swayne@edu.org,Physics,KS,$305.47,02-19-2023
1684,victor JORDAN,vjordan@skynet.com,Art,TX,$580.39,2023/11/11
1723,victor Stone,vstone@gmail.com,History,OR," $1,368.73 ",01-12-2023
1375,ALICE brown,abrown@outlook.com,,,"$1,282.63",04-24-2023
1412,CHARLIE stone,cstone@yahoo.com,Journalism,FL,$168.80,07-21-2023
1074,Diana smith,dsmith@stark.com,Journalism,,$994.77,03/08/2023
1947,Sara PRINCE,sprince@edu.org,Engineering,NV," $1,151.42 ",2023/09/16
1500,Steve JONES,sjones@skynet.com,Biology,AZ,"$1,517.88",05-02-2023
1604,WANDA CURRY,wcurry@skynet.com,History,,$556.10,unknown
1114,HAL JORDAN,hjordan@gmail.com,Computer Science,OR," $1,311.94 ",2023-04-20
1417,Alice doe,adoe@skynet.com,,TX," $1,007.49 ",2023-08-28
1089,STEVE DOE,sdoe@edu.org,,AZ,$833.14,"Feb 13, 2023"
1990,STEVE prince,sprince@stark.com,,OR,$329.63,12/27/2023
,PETER ALLEN,pallen@yahoo.com,Physics,CA,$342.75,"Mar 31, 2023"
1874,HAL Maximoff,hmaximoff@stark.com,History,WA,$548.28,04/29/2023
1660,Mary wayne,mwayne@dailybugle.com,History,WA,$459.53,2023/03/06
1011,steve stone,sstone@dailybugle.com,Computer Science,," $1,456.43 ",2023-02-25
1396,Alice Jordan,ajordan@gmail.com,,,"$1,673.87",pending
1575,JOHN ALLEN,jallen@stark.com,Journalism,NY,$662.64,2023-09-15
1042,bruce JORDAN,bjordan@skynet.com,Art,NY,"$1,895.18",2023-04-19
1167,John prince,jprince@edu.org,History,AZ,$142.02,2023/01/07
1416,ARTHUR JORDAN,ajordan@gmail.com,,,$665.73,2023/07/01
1967,CLARK Jordan,cjordan@dailybugle.com,Biology,TX,$956.83,"Jan 04, 2023"
1426,CHARLIE ROGERS,crogers@edu.org,Agriculture,TX,"$1,368.63","May 08, 2023"
1544,VICTOR Jane,vjane@edu.org,Engineering,TX,"$1,072.85","Aug 13, 2023"
,Bruce JANE,bjane@outlook.com,Physics,CA,"$1,347.36","May 29, 2023"
1346,SARA jane,sjane@outlook.com,Journalism,NY,$554.57,07/18/2023
1904,BRUCE curry,bcurry@dailybugle.com,Engineering,CA,"$1,061.49",2023-08-19
1661,VICTOR BROWN,vbrown@gmail.com,,TX,"$1,152.02",04-12-2023
,Victor KENT,vkent@edu.org,Journalism,NY,$309.56,2023-05-10
1335,HAL Allen,hallen@gmail.com,,,"$1,442.68",2023/08/12
1015,BRUCE Smith,bsmith@yahoo.com,Journalism,WA,$261.76,08/23/2023
1678,Victor DOE,vdoe@dailybugle.com,Business,AZ," $1,718.61 ","Aug 06, 2023"
1324,mary Brown,mbrown@outlook.com,Art,KS,$933.75,09-24-2023
1817,PETER ROGERS,progers@edu.org,Art,CA,$885.03,2023-02-10
,ARTHUR DOE,adoe@skynet.com,Art,,"$1,323.43","Jun 27, 2023"
1179,Mary JONES,mjones@stark.com,Physics,,$496.44,pending
1099,BRUCE JANE,bjane@gmail.com,Art,NV,$259.54,02/03/2023
1521,ARTHUR ALLEN,aallen@gmail.com,Math,KS,$289.40,04/23/2023
1022,CLARK Allen,callen@gmail.com,Engineering,NJ,$76.51,06-26-2023
,steve Jones,sjones@dailybugle.com,Agriculture,FL,$286.18,08/19/2023
1720,JOHN prince,jprince@skynet.com,Computer Science,,$436.61,2023-10-20
1927,bruce curry,bcurry@yahoo.com,Math,,$152.54,2023-03-12
1757,Mary ROGERS,mrogers@skynet.com,,FL," $1,318.42 ",2023-07-26
1340,CHARLIE jones,cjones@stark.com,Computer Science,AZ,"$1,477.93",07-09-2023
1431,PETER ROGERS,progers@gmail.com,Agriculture,,$843.76,03-20-2023
1595,CLARK connor,cconnor@dailybugle.com,Physics,," $1,415.15 ","Feb 10, 2023"
,mary brown,mbrown@skynet.com,Agriculture,NY,"$1,859.75","Dec 10, 2023"
1203,Alice Connor,aconnor@yahoo.com,History,FL,$66.14,07-04-2023
1760,WANDA kent,wkent@yahoo.com,Agriculture,OR,"$1,326.50",06-25-2023
1093,HAL Maximoff,hmaximoff@outlook.com,Math,NY,"$1,454.16",2023/11/05
1602,ARTHUR Jane,ajane@edu.org,Biology,NJ,"$1,173.74",2023/11/27
1068,ARTHUR JORDAN,ajordan@gmail.com,Computer Science,NV,"$1,441.68",08-20-2023
1953,STEVE KENT,skent@gmail.com,History,AZ,"$1,584.17",unknown
1284,Alice Jane,ajane@yahoo.com,Journalism,,"$1,588.78",07-22-2023
1865,barry PRINCE,bprince@skynet.com,History,TX,"$1,604.49","Apr 08, 2023"
1434,Steve Jane,sjane@outlook.com,Agriculture,FL,"$1,015.27",12/17/2023
1153,bob brown,bbrown@edu.org,Art,TX,$973.34,2023/11/27
1075,Barry jones,bjones@skynet.com,Business,WA,$579.03,2023-06-16
1788,ARTHUR MAXIMOFF,amaximoff@gmail.com,Computer Science,KS,$282.76,2023-09-09
1580,Barry PRINCE,bprince@outlook.com,Art,KS,$166.98,2023-08-19
1446,Bruce ALLEN,ballen@skynet.com,Computer Science,AZ,$385.11,unknown
1188,Barry jones,bjones@yahoo.com,Business,OR,"$1,298.36","Oct 15, 2023"
1271,Steve prince,sprince@yahoo.com,Agriculture,NY,$899.71,07/04/2023
1236,SARA stone,sstone@outlook.com,History,AZ," $1,061.00 ",pending
1487,hal JORDAN,hjordan@gmail.com,Agriculture,NJ,$186.48,2023-10-11
1559,Hal brown,hbrown@edu.org,Physics,TX,$377.72,"Apr 03, 2023"
1117,Alice CONNOR,aconnor@stark.com,Engineering,CA,$596.78,2023-06-21
1880,barry KENT,bkent@dailybugle.com,Biology,,$754.85,"Aug 24, 2023"
1512,sara PARKER,sparker@edu.org,Art,,"$1,272.87",02/13/2023
1597,CLARK JONES,cjones@edu.org,Computer Science,,$564.93,unknown
1643,BRUCE Doe,bdoe@dailybugle.com,Biology,CA,$774.25,03/06/2023
1126,MARY Smith,msmith@yahoo.com,,OR," $1,195.57 ",2023-01-25
1116,SARA STONE,sstone@dailybugle.com,Engineering,CA,"$1,815.87",2023-10-21
1473,Alice STONE,astone@outlook.com,Agriculture,OR,"$1,199.52","Oct 24, 2023"
,arthur JANE,ajane@gmail.com,Agriculture,TX,$932.63,"May 29, 2023"
1057,DIANA DOE,ddoe@skynet.com,Biology,OR," $1,665.68 ","Apr 28, 2023"
1728,BOB maximoff,bmaximoff@outlook.com,Journalism,NJ,"$1,136.46",2023-03-13
1980,WANDA jane,wjane@gmail.com,Physics,WA," $1,937.83 ","Jan 21, 2023"
1369,BOB parker,bparker@gmail.com,,TX,$992.66,2023/09/24
1268,Alice Allen,aallen@dailybugle.com,,WA,"$1,162.02",11-10-2023
1046,SARA rogers,srogers@gmail.com,Business,NY,"$1,715.47",12/22/2023
1349,Steve ROGERS,srogers@gmail.com,Agriculture,," $1,070.61 ","Jun 20, 2023"
,steve PARKER,sparker@stark.com,,OR,$978.19,"Feb 16, 2023"
1102,CLARK BROWN,cbrown@skynet.com,Physics,AZ,"$1,441.27",pending
1899,PETER rogers,progers@gmail.com,,NJ,$779.12,"Aug 26, 2023"
1745,Clark Doe,cdoe@skynet.com,Art,CA," $1,919.58 ",06-17-2023
1893,STEVE Jordan,sjordan@skynet.com,Journalism,KS," $1,186.89 ",unknown
1263,hal doe,hdoe@gmail.com,Engineering,AZ,$500.28,"Jul 13, 2023"
1443,WANDA ALLEN,wallen@outlook.com,,WA," $1,450.20 ","Mar 06, 2023"
,VICTOR CONNOR,vconnor@gmail.com,Physics,KS,$145.93,"Apr 16, 2023"
,bruce prince,bprince@dailybugle.com,Math,CA," $1,251.58 ",2023/01/16
1341,Bruce Rogers,brogers@stark.com,Business,FL," $1,321.33 ",2023-03-27
1936,bruce BROWN,bbrown@skynet.com,Journalism,NY,$519.32,03-11-2023
1313,hal CONNOR,hconnor@yahoo.com,Physics,CA,$839.16,2023-08-17
1149,BOB JANE,bjane@outlook.com,History,KS,$952.33,12/23/2023
1124,bob ROGERS,brogers@edu.org,Business,NV,$265.98,2023-03-02
1846,CHARLIE CURRY,ccurry@gmail.com,Physics,NV," $1,265.39 ",2023-10-21
1885,diana CONNOR,dconnor@gmail.com,Math,OR,$806.82,08/24/2023
1050,Charlie Jones,cjones@outlook.com,Art,OR,"$1,730.52",09/05/2023
1353,JOHN ROGERS,jrogers@gmail.com,Biology,NY,$912.37,unknown
1998,sara JANE,sjane@skynet.com,Agriculture,,"$1,926.19",04/24/2023
1142,mary BROWN,mbrown@gmail.com,,AZ,"$1,196.09",pending
1470,HAL Jane,hjane@edu.org,Business,AZ,$202.56,12-12-2023
1399,Mary PARKER,mparker@skynet.com,Business,NY,"$1,680.76",2023-05-28
1929,Wanda PARKER,wparker@stark.com,History,,"$1,377.99",12-03-2023
,DIANA curry,dcurry@stark.com,Journalism,OR," $1,832.33 ",2023-11-27
1019,John JANE,jjane@skynet.com,Business,,$616.52,01-21-2023
1907,SARA Prince,sprince@outlook.com,,NJ,"$1,995.77",unknown
1850,Bob jones,bjones@dailybugle.com,Journalism,FL,$607.57,"Sep 02, 2023"
1894,JOHN brown,jbrown@gmail.com,Biology,,"$1,967.40",2023/12/18
1407,Wanda stone,wstone@skynet.com,History,TX,$726.00,pending
1537,Hal CONNOR,hconnor@skynet.com,,,"$1,027.13",2023-03-06
,CLARK SMITH,csmith@dailybugle.com,Engineering,AZ," $1,646.65 ",2023/08/30
1038,steve rogers,srogers@dailybugle.com,Agriculture,KS,$851.01,06/19/2023
1175,Bruce MAXIMOFF,bmaximoff@yahoo.com,,FL,"$1,083.09",12-22-2023
1245,DIANA brown,dbrown@gmail.com,History,WA,$553.36,12-14-2023
1892,BRUCE CONNOR,bconnor@gmail.com,Business,OR,"$1,956.72",2023-07-09
1721,hal STONE,hstone@stark.com,Computer Science,KS,"$1,004.61",04-26-2023
1943,WANDA Allen,wallen@gmail.com,,NY,"$1,730.50",2023-09-28
,Bruce ROGERS,brogers@outlook.com,Math,NY,$543.62,06-08-2023
1154,sara ROGERS,srogers@gmail.com,History,NV,"$1,010.88",12/17/2023
1638,JOHN ALLEN,jallen@yahoo.com,Math,FL,"$1,140.74",06/30/2023
1287,STEVE PARKER,sparker@outlook.com,Art,NV,$320.69,2023-08-19
1625,Wanda connor,wconnor@skynet.com,Journalism,WA,$933.11,pending
1741,Wanda Kent,wkent@gmail.com,Business,NV," $1,478.03 ","Nov 13, 2023"
1569,victor WAYNE,vwayne@edu.org,Business,NY,"$1,325.49",11-01-2023
1801,BRUCE Smith,bsmith@outlook.com,Business,FL,"$1,365.76",2023/06/26
1017,JOHN Prince,jprince@gmail.com,Physics,AZ,$421.26,"Dec 18, 2023"
,WANDA WAYNE,wwayne@skynet.com,History,AZ,$637.81,12-11-2023
1322,JOHN CURRY,jcurry@yahoo.com,Engineering,KS,"$1,419.68",02/14/2023
1255,Mary Connor,mconnor@edu.org,Art,CA," $1,793.94 ",11/29/2023
1790,Wanda parker,wparker@edu.org,,AZ,$777.62,05-28-2023
1499,VICTOR Prince,vprince@gmail.com,Business,TX,$664.09,12/19/2023
1190,ALICE CONNOR,aconnor@edu.org,,FL,$693.62,11-22-2023
1115,Clark brown,cbrown@gmail.com,,OR,$201.09,2023/01/03
1665,mary WAYNE,mwayne@outlook.com,Physics,CA," $1,627.97 ",04/18/2023
,John Maximoff,jmaximoff@dailybugle.com,,WA,"$1,446.51",06/27/2023
1180,SARA DOE,sdoe@edu.org,,NY,$23.91,2023-04-24
1301,diana MAXIMOFF,dmaximoff@skynet.com,Engineering,AZ,"$1,459.85","Dec 24, 2023"
1829,ARTHUR PARKER,aparker@dailybugle.com,,NV,"$1,597.70",07/12/2023
1900,arthur MAXIMOFF,amaximoff@stark.com,Physics,," $1,566.41 ",unknown
1780,Steve curry,scurry@outlook.com,Biology,OR,$994.27,pending
1739,peter brown,pbrown@outlook.com,Agriculture,WA,"$1,559.51",05/15/2023
1715,BOB CURRY,bcurry@gmail.com,Engineering,NY,"$1,673.71",03-01-2023
1517,alice BROWN,abrown@edu.org,Agriculture,FL,$486.71,"Dec 04, 2023"
,barry PRINCE,bprince@yahoo.com,Physics,NY,$82.30,03/06/2023
1045,Clark ROGERS,crogers@gmail.com,,AZ,"$1,174.25",12-11-2023
1977,WANDA WAYNE,wwayne@gmail.com,Physics,KS,$816.85,10-21-2023
1157,Wanda Kent,wkent@stark.com,Journalism,AZ,"$1,265.54",03-13-2023
1802,Steve brown,sbrown@outlook.com,Journalism,WA,"$1,610.90",08/24/2023
,sara jane,sjane@yahoo.com,Engineering,NY,"$1,542.86",2023-08-08
1016,Bob DOE,bdoe@skynet.com,Journalism,FL,$739.05,10-06-2023
,sara ROGERS,srogers@dailybugle.com,Physics,TX,$396.04,02/26/2023
1048,PETER KENT,pkent@gmail.com,,FL,"$1,419.57","Jan 08, 2023"
,arthur MAXIMOFF,amaximoff@stark.com,,,$771.87,03-27-2023
,ALICE Jones,ajones@skynet.com,Engineering,CA,$993.27,"Oct 01, 2023"
,hal BROWN,hbrown@edu.org,Agriculture,FL,$6.26,pending
1734,SARA smith,ssmith@yahoo.com,Biology,FL,"$1,171.35",unknown
1740,diana Allen,dallen@edu.org,Business,,"$1,879.97",07/29/2023
1480,steve ROGERS,srogers@yahoo.com,Agriculture,WA,$437.19,"Jul 13, 2023"
1283,BRUCE Jordan,bjordan@edu.org,Computer Science,FL,$945.65,2023/06/09
1774,ARTHUR ALLEN,aallen@stark.com,Computer Science,KS,"$1,243.60",2023-07-15
1706,MARY rogers,mrogers@stark.com,History,NY,$775.15,03/10/2023
1225,DIANA parker,dparker@stark.com,Math,AZ,$946.27,2023-08-20
1026,bruce prince,bprince@edu.org,Art,WA,$988.75,"Dec 02, 2023"
1842,Sara Doe,sdoe@gmail.com,Agriculture,,"$1,383.60","Jul 23, 2023"
1437,alice Jones,ajones@outlook.com,Biology,NV,$534.98,12-20-2023
1371,ARTHUR ROGERS,arogers@outlook.com,Engineering,NJ,$453.56,05-28-2023
,steve SMITH,ssmith@edu.org,Math,WA,"$1,899.87",2023-06-01
1229,Arthur JORDAN,ajordan@edu.org,Engineering,TX,$276.36,2023-09-20
1037,Hal curry,hcurry@outlook.com,Engineering,NV,"$1,896.13",07/28/2023
1669,Bruce Jones,bjones@gmail.com,Math,NV," $1,322.26 ",2023/01/19
,victor BROWN,vbrown@yahoo.com,,FL,"$1,669.90",06/21/2023
1374,Arthur BROWN,abrown@edu.org,Art,AZ," $1,457.09 ","Jun 23, 2023"
1469,HAL CURRY,hcurry@stark.com,Engineering,WA,$131.58,unknown
1198,CHARLIE Jane,cjane@stark.com,Biology,WA,$403.84,03-17-2023
1687,CLARK PRINCE,cprince@skynet.com,Engineering,FL,$154.95,2023-04-21
1916,Alice BROWN,abrown@gmail.com,Journalism,NY,$528.56,10-15-2023
1758,Bruce Wayne,bwayne@stark.com,Journalism,TX," $1,158.74 ",01-18-2023
1783,BOB JONES,bjones@skynet.com,Physics,CA,"$1,298.81",03/03/2023
1194,Peter PARKER,pparker@outlook.com,Biology,NV,"$1,679.71",pending
1920,BRUCE SMITH,bsmith@outlook.com,Art,,$420.41,pending
1930,STEVE PARKER,sparker@skynet.com,Art,WA," $1,392.76 ","Aug 20, 2023"
1503,Bob PARKER,bparker@yahoo.com,History,NY,$852.48,03-26-2023
1687,CLARK PRINCE,cprince@skynet.com,Engineering,FL,$154.95,2023-04-21
1895,bob Smith,bsmith@skynet.com,,TX," $1,794.11 ",2023-09-09
1579,sara prince,sprince@outlook.com,Engineering,OR,"$1,300.58",2023/03/05
1160,Victor JORDAN,vjordan@skynet.com,Journalism,OR,$654.58,02-17-2023
1680,JOHN ROGERS,jrogers@yahoo.com,Biology,FL,$894.17,"Feb 25, 2023"
1162,ALICE JANE,ajane@stark.com,Agriculture,,"$1,916.06",2023/12/19
1705,sara MAXIMOFF,smaximoff@gmail.com,History,FL,$308.28,pending
1756,mary ROGERS,mrogers@stark.com,Biology,OR,"$1,799.10","Jun 15, 2023"
1152,sara Allen,sallen@skynet.com,Computer Science,OR," $1,234.73 ",12-28-2023
1800,VICTOR Doe,vdoe@yahoo.com,History,,$6.84,07-18-2023
1754,Sara STONE,sstone@gmail.com,Biology,NJ,$807.31,"May 16, 2023"
1814,CLARK JONES,cjones@stark.com,Computer Science,,$257.05,unknown
1111,STEVE CONNOR,sconnor@stark.com,Biology,NY,$381.57,2023-08-03
1226,Bruce DOE,bdoe@dailybugle.com,,OR,$280.90,2023-07-29
1883,bruce brown,bbrown@outlook.com,Agriculture,,"$1,919.24",03-16-2023
1103,BOB SMITH,bsmith@stark.com,Art,OR,"$1,777.99",2023/11/25
1421,CLARK PARKER,cparker@gmail.com,Agriculture,KS,$51.92,2023-12-15
1419,SARA Curry,scurry@yahoo.com,,CA,$940.50,08/28/2023
1808,DIANA Jane,djane@gmail.com,Art,NV,"$1,104.64","May 24, 2023"
1586,HAL DOE,hdoe@dailybugle.com,Art,," $1,328.13 ",pending
1076,Wanda Allen,wallen@stark.com,Journalism,TX,$152.76,"Sep 29, 2023"
1672,DIANA WAYNE,dwayne@skynet.com,Agriculture,FL,$224.73,05/28/2023
1119,HAL Stone,hstone@edu.org,History,,$767.15,2023/05/17
,CLARK curry,ccurry@outlook.com,Agriculture,CA,"$1,234.92",2023/12/17
1151,HAL DOE,hdoe@edu.org,,NJ," $1,504.65 ","Feb 02, 2023"
1403,BOB parker,bparker@dailybugle.com,Business,TX,$383.83,06/08/2023
1280,clark stone,cstone@outlook.com,Agriculture,CA,$304.30,2023-01-12
1207,barry Prince,bprince@outlook.com,Engineering,NV," $1,530.95 ",11/04/2023
1658,Barry PARKER,bparker@stark.com,Computer Science,FL," $1,130.80 ","Nov 19, 2023"
1909,clark Jones,cjones@skynet.com,Computer Science,TX,$291.63,"Dec 20, 2023"
1978,JOHN ROGERS,jrogers@dailybugle.com,Computer Science,CA,$805.32,2023/05/01
1008,Diana WAYNE,dwayne@stark.com,,TX,$256.78,2023-10-09
1869,MARY ALLEN,mallen@outlook.com,,TX," $1,567.74 ",12/18/2023
1036,BARRY Maximoff,bmaximoff@edu.org,Art,FL,"$1,661.46",2023-08-19
,WANDA KENT,wkent@skynet.com,Math,,"$1,910.34",2023/01/28
1651,WANDA STONE,wstone@edu.org,History,,$30.37,unknown
1253,SARA JORDAN,sjordan@gmail.com,Art,OR,$341.13,2023-11-04
1303,diana JORDAN,djordan@edu.org,Math,,$397.75,2023/10/15
1910,barry DOE,bdoe@yahoo.com,Art,AZ,"$1,495.47",04-27-2023
1571,Diana Jane,djane@edu.org,Agriculture,NJ,"$1,838.30",2023-12-30
1623,CHARLIE Jones,cjones@outlook.com,Agriculture,FL,"$1,623.42",08/05/2023
1764,Victor PARKER,vparker@skynet.com,Agriculture,TX,"$1,443.10",2023-02-08
1992,VICTOR ROGERS,vrogers@stark.com,Journalism,,"$1,919.60","Mar 18, 2023"
1262,HAL JORDAN,hjordan@skynet.com,Math,KS,$694.95,"Apr 26, 2023"
1610,Steve kent,skent@outlook.com,History,FL,"$1,389.93",unknown
1297,ALICE Prince,aprince@yahoo.com,,WA," $1,942.08 ","Oct 22, 2023"
1414,MARY Doe,mdoe@gmail.com,History,NJ,$575.92,03/08/2023
,alice Jane,ajane@skynet.com,Math,OR,$463.71,2023-04-05
1848,BARRY JORDAN,bjordan@dailybugle.com,Computer Science,OR,$311.40,04-07-2023
1640,diana KENT,dkent@gmail.com,History,AZ,"$1,000.09","Jan 30, 2023"
1956,VICTOR STONE,vstone@dailybugle.com,,CA," $1,877.69 ","Jan 29, 2023"
1550,victor smith,vsmith@outlook.com,Physics,,$104.26,2023-04-19
1851,steve smith,ssmith@edu.org,Art,OR,"$1,989.28",09-07-2023
1488,steve DOE,sdoe@yahoo.com,Math,,$114.91,03/29/2023
1710,Hal MAXIMOFF,hmaximoff@outlook.com,Computer Science,OR," $1,004.12 ",12/31/2023
1147,HAL STONE,hstone@gmail.com,Journalism,AZ,$88.59,"Dec 13, 2023"
1146,wanda PARKER,wparker@yahoo.com,History,TX," $1,430.47 ",02/07/2023
1777,arthur WAYNE,awayne@edu.org,History,FL,$880.71,pending
1740,diana Allen,dallen@edu.org,Business,,"$1,879.97",07/29/2023
1853,victor JANE,vjane@gmail.com,Agriculture,AZ,$776.36,12-01-2023
,WANDA MAXIMOFF,wmaximoff@yahoo.com,History,TX,$809.99,pending
1659,MARY SMITH,msmith@outlook.com,Art,FL,$657.37,2023-07-05
1348,BOB jones,bjones@dailybugle.com,Biology,NJ,$303.21,"Jul 20, 2023"
,Clark ALLEN,callen@edu.org,Biology,AZ,$418.17,11/23/2023
1325,JOHN prince,jprince@skynet.com,Agriculture,NJ,$298.64,2023/01/08
1186,BARRY Doe,bdoe@stark.com,Agriculture,TX,$980.87,"Apr 30, 2023"
,charlie Stone,cstone@outlook.com,History,CA,$847.39,2023/10/05
1919,Mary stone,mstone@dailybugle.com,,AZ,$239.95,03-09-2023
1608,victor WAYNE,vwayne@dailybugle.com,Engineering,CA,$221.61,2023-02-08
1143,BOB wayne,bwayne@outlook.com,Physics,,$869.35,09-05-2023
1751,MARY connor,mconnor@edu.org,Computer Science,KS,$955.96,pending
1947,Sara PRINCE,sprince@edu.org,Engineering,NV," $1,151.42 ",2023/09/16
1197,BRUCE SMITH,bsmith@skynet.com,Agriculture,WA," $1,805.55 ","Sep 15, 2023"
1609,HAL KENT,hkent@yahoo.com,Physics,WA,"$1,273.81","Sep 25, 2023"
1279,Victor JORDAN,vjordan@outlook.com,,NV," $1,529.08 ","Dec 22, 2023"
1293,WANDA ALLEN,wallen@edu.org,Business,KS,"$1,216.83",04/20/2023
1896,bob PRINCE,bprince@edu.org,Engineering,,"$1,704.31",12/22/2023
1400,HAL WAYNE,hwayne@outlook.com,,OR,$854.21,"Feb 09, 2023"
1122,MARY SMITH,msmith@yahoo.com,Math,FL,"$1,433.84",09/19/2023
1183,Bruce prince,bprince@edu.org,Math,NV," $1,589.69 ",01/01/2024
1202,Bruce BROWN,bbrown@dailybugle.com,Computer Science,FL,"$1,826.87",09-06-2023
1438,MARY smith,msmith@stark.com,Computer Science,CA,"$1,014.61",03-02-2023
1246,wanda MAXIMOFF,wmaximoff@stark.com,Physics,FL,$526.47,02-09-2023
1415,PETER prince,pprince@outlook.com,History,FL,$739.28,unknown
1836,bob smith,bsmith@skynet.com,Math,TX,$794.36,2023/01/04
1824,steve SMITH,ssmith@yahoo.com,Agriculture,WA,$981.01,2023-11-20
1974,WANDA JONES,wjones@skynet.com,,AZ,$646.05,2023-07-22
1827,bruce Wayne,bwayne@stark.com,,NV,$981.88,unknown
1954,mary Prince,mprince@skynet.com,,FL,$341.20,"Apr 21, 2023"
1129,sara ROGERS,srogers@gmail.com,Business,TX,$776.84,"Jun 19, 2023"
1637,peter parker,pparker@stark.com,History,,$48.49,2023-02-19
1402,WANDA KENT,wkent@skynet.com,Agriculture,,$300.95,06-03-2023
1844,WANDA Doe,wdoe@stark.com,Biology,NY,"$1,196.10","Aug 30, 2023"
1830,john Prince,jprince@outlook.com,Physics,WA,"$1,110.53",2023-06-10
1735,ALICE curry,acurry@edu.org,Math,AZ,$974.46,10/25/2023
1981,Clark Wayne,cwayne@yahoo.com,Biology,CA,"$1,902.80","Apr 28, 2023"
,SARA Smith,ssmith@gmail.com,Biology,,$276.79,06/18/2023
1641,STEVE kent,skent@stark.com,,KS,"$1,848.35",2023-02-01
1983,hal MAXIMOFF,hmaximoff@skynet.com,Business,AZ,$126.96,08/25/2023
,STEVE ALLEN,sallen@yahoo.com,,WA,"$1,833.53",2023-12-09
1867,steve Allen,sallen@outlook.com,Engineering,,$753.12,pending
1988,Sara Kent,skent@yahoo.com,Journalism,AZ,$343.71,04-24-2023
1624,CLARK prince,cprince@dailybugle.com,Engineering,,"$1,108.57",2023-02-13
1903,ALICE MAXIMOFF,amaximoff@gmail.com,Biology,NY,$949.04,2023/08/26
1819,BARRY WAYNE,bwayne@stark.com,Biology,,$688.45,11-14-2023
1386,JOHN rogers,jrogers@gmail.com,Biology,," $1,335.17 ",2023/03/05
1901,arthur BROWN,abrown@yahoo.com,Business,,$18.45,06-25-2023
1806,hal Parker,hparker@skynet.com,Art,CA," $1,352.38 ",pending
1509,sara DOE,sdoe@dailybugle.com,Computer Science,FL,"$1,752.01",2023-08-07
,alice ROGERS,arogers@yahoo.com,Math,FL,"$1,500.34",09-27-2023
1881,HAL Jordan,hjordan@stark.com,Business,OR,$252.48,"Feb 07, 2023"
1441,WANDA Allen,wallen@outlook.com,Physics,WA,"$1,518.38",2023-11-25
1496,MARY Jordan,mjordan@stark.com,History,FL,$399.97,2023/01/15
1112,VICTOR ROGERS,vrogers@skynet.com,Journalism,OR,"$1,050.95",03/30/2023
1691,Victor MAXIMOFF,vmaximoff@yahoo.com,,OR,"$1,541.49",2023-08-06
1232,Alice prince,aprince@yahoo.com,Engineering,CA,"$1,852.97",12/17/2023
1935,WANDA Jones,wjones@dailybugle.com,Computer Science,WA,"$1,818.67",unknown
1607,ARTHUR Rogers,arogers@stark.com,Computer Science,AZ,$205.49,2023-01-06
1671,peter DOE,pdoe@edu.org,Art,AZ,$469.43,"Sep 29, 2023"
1373,PETER SMITH,psmith@edu.org,Physics,NY,"$1,840.87",09-13-2023
1663,Victor allen,vallen@skynet.com,Computer Science,CA,$147.51,2023/08/18
1908,MARY Doe,mdoe@gmail.com,Journalism,," $1,532.00 ","Aug 27, 2023"
1233,John KENT,jkent@dailybugle.com,Journalism,NV,"$1,476.90",2023-04-10
1938,arthur Doe,adoe@gmail.com,Art,,"$1,375.91",02/20/2023
1845,Barry Brown,bbrown@outlook.com,Physics,OR,"$1,351.42",unknown
1676,SARA Jordan,sjordan@edu.org,History,CA," $1,690.96 ",2023-09-27
1317,bob PRINCE,bprince@skynet.com,History,NY," $1,142.73 ",2023/09/28
1648,CHARLIE SMITH,csmith@gmail.com,Biology,AZ,$768.35,unknown
1410,STEVE stone,sstone@dailybugle.com,Computer Science,AZ,"$1,458.46",06/17/2023
1965,Charlie STONE,cstone@skynet.com,Math,WA,"$1,321.84",10/09/2023
1709,Steve smith,ssmith@stark.com,,NY,"$1,311.74",2023-01-07
1358,BRUCE MAXIMOFF,bmaximoff@yahoo.com,,," $1,687.56 ",2023-09-12
1258,BARRY kent,bkent@outlook.com,Agriculture,NJ," $1,155.30 ",07-23-2023
1744,CLARK Prince,cprince@stark.com,History,OR,$455.36,"Apr 12, 2023"
1627,WANDA maximoff,wmaximoff@skynet.com,,OR," $1,381.19 ",03-04-2023
1632,HAL Doe,hdoe@outlook.com,Agriculture,OR,$553.81,"Jul 03, 2023"
1282,ARTHUR JONES,ajones@stark.com,Math,FL,"$1,791.40",07-15-2023
1376,Peter DOE,pdoe@yahoo.com,Art,CA,"$1,816.89",03-17-2023
1384,mary Parker,mparker@edu.org,Computer Science,CA,$959.04,2023-07-05
1224,Bruce Jones,bjones@gmail.com,Biology,,$824.68,01-01-2023
1101,CHARLIE STONE,cstone@outlook.com,Journalism,FL,$692.05,05-26-2023
1876,Bruce kent,bkent@edu.org,History,,"$1,831.70","Dec 23, 2023"
1472,Victor ALLEN,vallen@outlook.com,Engineering,CA,"$1,035.36",unknown
,clark CONNOR,cconnor@dailybugle.com,Physics,WA,$436.77,08-15-2023
1505,VICTOR BROWN,vbrown@edu.org,Engineering,TX,"$1,105.70",07/14/2023
1639,Charlie JONES,cjones@stark.com,Computer Science,,$461.15,pending
1277,WANDA STONE,wstone@edu.org,Computer Science,KS,$824.41,pending
1797,Steve parker,sparker@stark.com,Computer Science,NY,$483.50,08-13-2023
1999,WANDA prince,wprince@outlook.com,Computer Science,TX," $1,415.13 ",02-24-2023
1973,sara jane,sjane@stark.com,Journalism,,$991.50,06/26/2023
1619,Steve JANE,sjane@stark.com,Physics,CA,$488.74,08/09/2023
,SARA PARKER,sparker@outlook.com,Computer Science,AZ,"$1,047.74",12/19/2023
1864,Charlie ROGERS,crogers@dailybugle.com,Engineering,AZ,"$1,027.04",2023/06/15
1645,JOHN wayne,jwayne@gmail.com,Art,FL,"$1,996.18",07/23/2023
1912,BOB BROWN,bbrown@edu.org,Math,KS,$239.51,11/23/2023
1556,wanda KENT,wkent@yahoo.com,,CA," $1,279.23 ",2023/05/23
1681,BOB Jane,bjane@yahoo.com,Agriculture,AZ,"$1,521.16",2023-09-10
1577,CHARLIE CONNOR,cconnor@stark.com,,AZ,"$1,711.91",12-31-2023
1795,STEVE KENT,skent@dailybugle.com,Physics,FL,$141.05,2023/03/23
1085,Steve PARKER,sparker@stark.com,Math,TX," $1,633.78 ",03-12-2023
1242,DIANA Allen,dallen@gmail.com,,NV,"$1,095.05",04-18-2023
,sara Doe,sdoe@stark.com,History,TX,$620.97,2023-05-27
1940,Charlie ROGERS,crogers@stark.com,Math,CA,$628.23,09/17/2023
1159,VICTOR SMITH,vsmith@yahoo.com,,FL,"$1,522.95",2023-09-08
1524,ARTHUR STONE,astone@gmail.com,Engineering,FL,"$1,402.22",2023-02-19
1035,Bob WAYNE,bwayne@outlook.com,Journalism,,"$1,295.09",08-04-2023
1540,JOHN STONE,jstone@edu.org,Math,WA,$27.80,01-04-2023
1170,Charlie CURRY,ccurry@dailybugle.com,History,,$172.43,"Aug 21, 2023"
1654,CLARK Kent,ckent@yahoo.com,,," $1,368.88 ",10/24/2023
1970,Bruce Kent,bkent@gmail.com,Agriculture,WA,"$1,525.93","Mar 08, 2023"
1923,Victor doe,vdoe@edu.org,Engineering,WA,$539.28,2023/08/13
1913,victor PRINCE,vprince@stark.com,Physics,WA," $1,962.62 ",unknown
1899,PETER rogers,progers@gmail.com,,NJ,$779.12,"Aug 26, 2023"
1733,barry smith,bsmith@edu.org,History,TX,"$1,379.40",2023-05-06
1095,ALICE Jones,ajones@yahoo.com,Agriculture,,$134.47,07/07/2023
,DIANA JANE,djane@yahoo.com,,TX,$706.62,12/17/2023
1240,bruce kent,bkent@skynet.com,,NY,"$1,511.92",12-25-2023
1742,mary Jones,mjones@stark.com,Agriculture,AZ,"$1,172.23","Jan 29, 2023"
1863,CLARK MAXIMOFF,cmaximoff@stark.com,Journalism,OR,"$1,022.88","Dec 19, 2023"
1574,john PRINCE,jprince@gmail.com,Art,,"$1,972.99",01/25/2023
1690,diana JANE,djane@outlook.com,Journalism,AZ," $1,684.38 ",11-21-2023
1460,VICTOR PARKER,vparker@dailybugle.com,Agriculture,KS,$683.26,11/03/2023
1553,STEVE parker,sparker@stark.com,Math,KS,$896.96,unknown
1857,bruce BROWN,bbrown@dailybugle.com,Journalism,OR,$133.64,"Apr 05, 2023"
1944,JOHN Kent,jkent@edu.org,History,WA,"$1,436.36",unknown
1206,Sara DOE,sdoe@edu.org,Agriculture,OR,$604.29,11/16/2023
1392,hal Jane,hjane@outlook.com,Art,OR,"$1,022.83",2023-08-21
1794,BRUCE Kent,bkent@dailybugle.com,Engineering,CA,$831.77,05-23-2023
,Alice DOE,adoe@yahoo.com,Art,NJ,"$1,855.70",2023-05-02
1397,arthur jordan,ajordan@yahoo.com,Art,," $1,375.98 ",02/28/2023
1766,VICTOR jordan,vjordan@yahoo.com,Computer Science,AZ,"$1,888.68",2023-08-16
1914,Diana Stone,dstone@outlook.com,,KS,$636.62,2023-10-23
1217,Mary Jane,mjane@outlook.com,Engineering,NV,$992.71,09/04/2023
1004,ALICE WAYNE,awayne@gmail.com,Art,KS,$425.25,11/26/2023
1768,ARTHUR Kent,akent@dailybugle.com,Art,OR,"$1,516.92",unknown
,ALICE ALLEN,aallen@yahoo.com,Biology,,$993.19,06/29/2023
1964,Bruce WAYNE,bwayne@dailybugle.com,Biology,NJ," $1,656.03 ",07-28-2023
1612,peter jordan,pjordan@edu.org,Computer Science,OR,$374.06,"Dec 05, 2023"
1738,WANDA CURRY,wcurry@stark.com,,NJ,"$1,003.56",09/29/2023
1546,Clark JANE,cjane@stark.com,Business,WA,$262.84,2023-01-11
1725,WANDA WAYNE,wwayne@stark.com,Physics,NY,$13.77,12/13/2023
1985,JOHN JORDAN,jjordan@gmail.com,Biology,KS,"$1,511.13",11/14/2023
1683,bob jane,bjane@yahoo.com,Computer Science,,$848.36,09/26/2023
1098,Bob MAXIMOFF,bmaximoff@dailybugle.com,,NJ," $1,702.72 ","Dec 25, 2023"
1804,PETER PARKER,pparker@skynet.com,Business,NJ,$427.03,"Feb 25, 2023"
1727,WANDA Stone,wstone@outlook.com,Journalism,,$486.14,unknown
1573,Hal JORDAN,hjordan@gmail.com,,KS,$56.10,2023-10-05
1406,CLARK rogers,crogers@stark.com,Business,FL,"$1,871.00",2023-02-24
1502,Diana doe,ddoe@stark.com,History,WA,"$1,042.94",pending
1047,hal Smith,hsmith@dailybugle.com,Agriculture,FL,"$1,036.88","Sep 13, 2023"
,VICTOR brown,vbrown@edu.org,Business,WA,$504.54,01-10-2023
1779,Clark STONE,cstone@gmail.com,Physics,FL,"$1,591.11",2023/02/19
1839,bruce Kent,bkent@edu.org,Business,OR,"$1,968.46",2023/03/26
1200,MARY jane,mjane@outlook.com,Agriculture,OR,$74.93,"Mar 15, 2023"
1134,Steve rogers,srogers@skynet.com,Biology,NY,"$1,890.38",01/04/2023
1027,Mary STONE,mstone@skynet.com,Computer Science,OR," $1,335.16 ",11/01/2023
1946,clark Jones,cjones@outlook.com,Journalism,CA,$373.18,12/12/2023
1230,Arthur parker,aparker@skynet.com,Journalism,KS,"$1,124.56",12-08-2023
1489,HAL connor,hconnor@stark.com,History,OR,$317.56,"Jun 08, 2023"
1772,victor DOE,vdoe@outlook.com,Biology,NJ,$717.18,2023/06/30
1378,bob BROWN,bbrown@skynet.com,Computer Science,,"$1,277.61","Mar 31, 2023"
1288,Barry maximoff,bmaximoff@stark.com,Journalism,NV,"$1,638.10",12/16/2023
1418,victor BROWN,vbrown@dailybugle.com,Business,NJ," $1,225.86 ","May 16, 2023"
1674,alice curry,acurry@gmail.com,History,CA,$617.02,10-21-2023
,Steve JANE,sjane@edu.org,Art,TX,$129.42,2023-06-23
1592,WANDA STONE,wstone@outlook.com,Math,NJ,$614.79,"Aug 01, 2023"
1498,victor jane,vjane@edu.org,History,,"$1,630.17",pending
1138,ARTHUR JANE,ajane@stark.com,Art,CA,"$1,848.32",05-24-2023
1062,Steve jane,sjane@edu.org,Agriculture,NJ,$65.43,08/16/2023
1471,arthur PARKER,aparker@dailybugle.com,Journalism,AZ,$889.25,unknown
1647,mary SMITH,msmith@gmail.com,Physics,NV,$461.07,2023-04-18
1128,charlie WAYNE,cwayne@skynet.com,Journalism,WA,"$1,571.61",08/02/2023
,Wanda JANE,wjane@yahoo.com,Physics,AZ,$516.11,"Apr 04, 2023"
1520,Bob JANE,bjane@yahoo.com,Business,CA,$621.60,04-08-2023
1838,hal PARKER,hparker@stark.com,Engineering,FL," $1,773.30 ",07/04/2023
1139,ALICE Connor,aconnor@gmail.com,Art,WA,"$1,354.07",07-16-2023
,ARTHUR WAYNE,awayne@stark.com,History,FL,$657.12,pending
,Bruce prince,bprince@outlook.com,Physics,AZ,$21.36,06/04/2023
1014,arthur SMITH,asmith@skynet.com,,AZ,$135.92,2023-07-26
1156,MARY KENT,mkent@stark.com,Math,WA,$204.83,2023-05-07
1040,DIANA doe,ddoe@dailybugle.com,Agriculture,,$24.53,09/03/2023
1492,ALICE Wayne,awayne@dailybugle.com,History,WA,"$1,984.78",unknown
1379,charlie PARKER,cparker@stark.com,Agriculture,OR,$449.04,2023-03-20
,Steve DOE,sdoe@stark.com,Journalism,,$295.42,03-14-2023
1763,BARRY WAYNE,bwayne@yahoo.com,,AZ,$452.51,"Mar 19, 2023"
1216,JOHN smith,jsmith@dailybugle.com,Biology,NY,"$1,324.97",11-07-2023
1921,Peter MAXIMOFF,pmaximoff@edu.org,Math,OR," $1,326.24 ",2023-03-16
1791,ALICE Parker,aparker@dailybugle.com,,,"$1,933.54",2023/06/30
1052,CHARLIE Rogers,crogers@stark.com,Computer Science,OR,$30.70,2023/12/02
1878,SARA PRINCE,sprince@gmail.com,History,NY,$134.76,"Apr 02, 2023"
1337,Bruce Kent,bkent@gmail.com,Computer Science,," $1,462.59 ",05/24/2023
1748,john doe,jdoe@dailybugle.com,Art,AZ,$305.21,04/16/2023
1719,BOB rogers,brogers@outlook.com,Agriculture,CA,$311.80,11/16/2023
1724,HAL parker,hparker@edu.org,History,NJ,$129.63,10/23/2023
1295,clark brown,cbrown@outlook.com,Computer Science,AZ," $1,835.76 ",06-16-2023
1701,clark Parker,cparker@yahoo.com,Journalism,WA," $1,316.61 ",06-15-2023
,charlie MAXIMOFF,cmaximoff@yahoo.com,Art,NY,"$1,322.22",06-19-2023
1726,steve Jordan,sjordan@edu.org,Biology,WA," $1,656.62 ",01/21/2023
1461,CHARLIE doe,cdoe@skynet.com,Agriculture,NV,$162.30,unknown
1455,Victor Connor,vconnor@gmail.com,Business,NJ,$751.03,unknown
1270,MARY KENT,mkent@yahoo.com,Physics,CA,$353.21,"Nov 19, 2023"
1815,CHARLIE WAYNE,cwayne@dailybugle.com,Art,," $1,165.51 ","Aug 24, 2023"
1862,SARA Wayne,swayne@edu.org,,,"$1,783.30",pending
1269,Clark wayne,cwayne@edu.org,Journalism,WA,$559.26,2023/03/09
1527,hal Wayne,hwayne@stark.com,Computer Science,WA,$550.43,pending
1201,Hal SMITH,hsmith@outlook.com,Biology,NJ,$621.90,"Dec 23, 2023"
1161,BARRY Jones,bjones@outlook.com,Engineering,AZ,$261.19,06-25-2023
1555,Bob CONNOR,bconnor@skynet.com,Physics,,"$1,143.80",01-05-2023
1729,BRUCE ALLEN,ballen@skynet.com,Agriculture,NJ,$308.88,2023-03-07
1401,DIANA stone,dstone@dailybugle.com,Physics,NV,"$1,725.42","Apr 20, 2023"
1702,john CONNOR,jconnor@outlook.com,Agriculture,CA,$878.02,"Oct 31, 2023"
,Peter PRINCE,pprince@yahoo.com,Physics,NY,$41.99,"Jul 14, 2023"
1821,STEVE CURRY,scurry@gmail.com,Business,OR,$648.74,07/26/2023
1771,Mary Jane,mjane@dailybugle.com,Journalism,OR,"$1,704.47",pending
1105,mary curry,mcurry@edu.org,Business,TX," $1,626.96 ",2023-06-10
1565,Sara Stone,sstone@outlook.com,Journalism,NY," $1,577.71 ",03-18-2023
1389,hal Stone,hstone@gmail.com,Agriculture,NJ,"$1,114.26",06/17/2023
1001,WANDA Kent,wkent@outlook.com,Journalism,,$759.85,"Jun 26, 2023"
1859,CHARLIE CURRY,ccurry@dailybugle.com,Agriculture,TX,$775.72,10-05-2023
1974,WANDA JONES,wjones@skynet.com,,AZ,$646.05,2023-07-22
1561,JOHN JANE,jjane@yahoo.com,Engineering,,"$1,254.77",2023/01/05
1931,MARY Doe,mdoe@dailybugle.com,History,NJ,$921.71,"Apr 26, 2023"
1080,WANDA JANE,wjane@gmail.com,Agriculture,NV,"$1,045.50",2023/07/10
1205,diana DOE,ddoe@dailybugle.com,History,WA," $1,026.56 ",pending
1034,Clark ALLEN,callen@outlook.com,,,$623.91,07/12/2023
1942,CLARK wayne,cwayne@stark.com,Biology,CA,"$1,250.03",2023-04-17
1775,steve allen,sallen@gmail.com,,NV,"$1,400.46","Oct 14, 2023"
,HAL stone,hstone@dailybugle.com,Physics,OR,"$1,888.53","May 07, 2023"
1427,ALICE JONES,ajones@gmail.com,Art,KS,$509.72,pending
1454,arthur STONE,astone@gmail.com,,,$336.31,05-11-2023
1584,PETER DOE,pdoe@dailybugle.com,Physics,,$810.14,12/31/2023
,Arthur SMITH,asmith@skynet.com,Biology,KS,"$1,775.96",07/07/2023
1091,Arthur BROWN,abrown@dailybugle.com,Physics,NY," $1,432.09 ",2023-01-19
1339,barry PRINCE,bprince@gmail.com,Art,CA,"$1,312.64",pending
1897,DIANA PRINCE,dprince@stark.com,Engineering,FL,$481.36,pending
1564,mary Rogers,mrogers@skynet.com,Journalism,NY,"$1,791.17",04/02/2023
1345,wanda allen,wallen@skynet.com,History,NY,"$1,416.15",2023-11-06
1776,Bob PARKER,bparker@yahoo.com,Math,TX,"$1,842.52","May 31, 2023"
1241,MARY prince,mprince@edu.org,Biology,NV,$439.73,2023-10-07
1013,hal Smith,hsmith@edu.org,Math,OR,$309.59,"Jan 30, 2023"
1315,clark PARKER,cparker@stark.com,,AZ,$596.88,2023-01-26
1600,BARRY jane,bjane@outlook.com,History,KS,"$1,416.17",08-28-2023
1387,PETER connor,pconnor@outlook.com,Math,AZ,$483.65,02-20-2023
1273,CHARLIE CONNOR,cconnor@stark.com,Computer Science,FL,$626.96,2023-12-30
1166,wanda PARKER,wparker@edu.org,Physics,NY,$496.33,2023-11-08
1840,diana wayne,dwayne@outlook.com,Engineering,AZ,"$1,922.42",2023-07-08
1020,Bruce JANE,bjane@stark.com,Physics,CA,$358.72,07-30-2023
1646,Bob Jones,bjones@edu.org,Journalism,NJ,"$1,737.94",05/17/2023
1818,CHARLIE PARKER,cparker@yahoo.com,History,AZ,$593.44,2023-11-24
1484,HAL JORDAN,hjordan@dailybugle.com,Physics,FL,$453.85,2023-08-31
1312,charlie Jordan,cjordan@gmail.com,Physics,NY,$182.38,11/21/2023
1504,Sara WAYNE,swayne@stark.com,Computer Science,KS,$796.49,08/14/2023
1831,CLARK parker,cparker@gmail.com,,NV,$954.20,"Jul 12, 2023"
1243,Barry PARKER,bparker@yahoo.com,Engineering,TX,"$1,341.96",01-28-2023
1566,Charlie JORDAN,cjordan@skynet.com,Engineering,,$646.11,07/17/2023
1875,JOHN Wayne,jwayne@skynet.com,Business,,$872.58,unknown
1562,arthur JONES,ajones@outlook.com,Physics,NV,"$1,384.08",pending
1235,ALICE BROWN,abrown@stark.com,Journalism,,"$1,415.36","Apr 05, 2023"
,PETER PARKER,pparker@gmail.com,Art,KS," $1,272.69 ","Jun 26, 2023"
1957,HAL Jordan,hjordan@yahoo.com,Computer Science,FL,$199.89,2023-04-22
1189,BARRY WAYNE,bwayne@dailybugle.com,Physics,CA," $1,897.58 ",07-20-2023
,Mary stone,mstone@edu.org,Computer Science,OR,"$1,481.83",2023-09-20
1699,arthur STONE,astone@outlook.com,Engineering,,$710.31,"Nov 25, 2023"
1510,HAL PRINCE,hprince@dailybugle.com,Journalism,NJ," $1,497.46 ","Jul 23, 2023"
1474,diana STONE,dstone@yahoo.com,History,OR,"$1,247.84",06-19-2023
1856,Barry STONE,bstone@edu.org,,WA,$133.88,12/07/2023
1747,Clark MAXIMOFF,cmaximoff@yahoo.com,Journalism,WA,"$1,778.79",pending
1252,steve ROGERS,srogers@gmail.com,,TX,"$1,259.08",2023-10-21
1021,Bruce kent,bkent@yahoo.com,Agriculture,FL,$445.85,07/24/2023
1459,HAL Allen,hallen@yahoo.com,Art,,$179.43,03-13-2023
1276,CHARLIE brown,cbrown@stark.com,Math,NV,$889.69,"Dec 24, 2023"
1955,bob wayne,bwayne@yahoo.com,Business,CA,"$1,659.17",2023-06-22
1385,ARTHUR Connor,aconnor@stark.com,History,FL,$260.44,12-20-2023
1805,victor SMITH,vsmith@yahoo.com,Biology,WA,"$1,134.79","Dec 15, 2023"
1343,Victor doe,vdoe@skynet.com,Business,NJ,$669.93,2023-02-20
1769,BARRY WAYNE,bwayne@gmail.com,Engineering,NJ,"$1,809.46",06/18/2023
1130,BARRY JONES,bjones@edu.org,Art,,$145.57,10-28-2023
1871,Arthur Wayne,awayne@gmail.com,Art,NJ,"$1,619.10",05-07-2023
1087,John Stone,jstone@gmail.com,Computer Science,KS,"$1,582.76",2023/05/27
1330,diana MAXIMOFF,dmaximoff@edu.org,,AZ,$862.30,10-18-2023
1466,STEVE Allen,sallen@edu.org,Journalism,,$389.22,10-20-2023
1121,Charlie ROGERS,crogers@stark.com,History,AZ,"$1,746.27","Aug 17, 2023"
1299,peter Wayne,pwayne@dailybugle.com,Journalism,KS,$689.05,2023-06-06
,CHARLIE Brown,cbrown@yahoo.com,Business,KS," $1,875.22 ",unknown